id,regija,kraj,predel,sobnost,st_sob,velikost,leto_izgradnje,cena,cena_na_m2,povezava
544067,Podravska,Maribor,Spodnje Radvanje,1-sobno,1,38.9,1968,123000,3162,https://mojikvadrati.com/nepremicnina/544067-prodaja-stanovanje-1-sobno-podravska-maribor
543865,Obalno - kraška,Izola,Jagodje,1-sobno,1,33.5,1996,285000,8507,https://mojikvadrati.com/nepremicnina/543865-prodaja-stanovanje-1-sobno-obalno-kraska-izola
543853,Gorenjska,Kranj,Planina I,2-sobno,2,59.5,1979,240000,4034,https://mojikvadrati.com/nepremicnina/543853-prodaja-stanovanje-2-sobno-gorenjska-kranj
543776,Ljubljana,Ljubljana,Šiška,2-sobno,2,36.5,1969,260000,7123,https://mojikvadrati.com/nepremicnina/543776-prodaja-stanovanje-2-sobno-ljubljana-siska
543672,Ljubljana,Ljubljana,Šiška,2-sobno,2,44.3,1969,258800,5842,https://mojikvadrati.com/nepremicnina/543672-prodaja-stanovanje-2-sobno-ljubljana-siska
543476,Gorenjska,Jesenice,Jesenice,3-sobno,3,67.7,2010,250000,3693,https://mojikvadrati.com/nepremicnina/543476-prodaja-stanovanje-3-sobno-gorenjska-jesenice
543366,Ljubljana okolica,Domžale,Domžale,Garsonjera,0.5,33.0,1991,192000,5818,https://mojikvadrati.com/nepremicnina/543366-prodaja-stanovanje-garsonjera-ljubljana-okolica-domzale
542275,Savinjska,Celje,Center,2-sobno,2,65.0,1976,209000,3215,https://mojikvadrati.com/nepremicnina/542275-prodaja-stanovanje-2-sobno-savinjska-celje
540211,Ljubljana,Ljubljana,Center,4-sobno,4,134.61,1876,1417500,10530,https://mojikvadrati.com/nepremicnina/540211-prodaja-stanovanje-4-sobno-ljubljana-center
538550,Ljubljana,Ljubljana,Bežigrad,"3,5-sobno",3.5,74.6,1986,410000,5496,https://mojikvadrati.com/nepremicnina/538550-prodaja-stanovanje-3-5-sobno-ljubljana-bezigrad
537407,Ljubljana okolica,Domžale,Domžale,3-sobno,3,74.6,1966,328000,4397,https://mojikvadrati.com/nepremicnina/537407-prodaja-stanovanje-3-sobno-ljubljana-okolica-domzale
530842,Ljubljana,Ljubljana,Bežigrad,4-sobno,4,86.3,1930,384000,4450,https://mojikvadrati.com/nepremicnina/530842-prodaja-stanovanje-4-sobno-ljubljana-bezigrad
527378,Obalno - kraška,Piran,Center,3-sobno,3,50.0,1900,209000,4180,https://mojikvadrati.com/nepremicnina/527378-prodaja-stanovanje-3-sobno-obalno-kraska-piran
527254,Ljubljana,Ljubljana,Vič-Rudnik,4-sobno,4,118.9,1937,684000,5753,https://mojikvadrati.com/nepremicnina/527254-prodaja-stanovanje-4-sobno-ljubljana-vic-rudnik
519839,Obalno - kraška,Piran,Portorož,3-sobno,3,249.9,2027,2864463,11462,https://mojikvadrati.com/nepremicnina/519839-prodaja-stanovanje-3-sobno-obalno-kraska-piran
518145,Podravska,Maribor,Tabor,"3,5-sobno",3.5,82.2,1920,260000,3163,https://mojikvadrati.com/nepremicnina/518145-prodaja-stanovanje-3-5-sobno-podravska-maribor
499707,Podravska,Maribor,Center,Garsonjera,0.5,39.4,,216700,5500,https://mojikvadrati.com/nepremicnina/499707-prodaja-stanovanje-garsonjera-podravska-maribor
544168,Podravska,Maribor,,3-sobno,3,65.1,1967,189900,2917,https://mojikvadrati.com/nepremicnina/544168-prodaja-stanovanje-3-sobno-podravska-maribor
544155,Ljubljana okolica,Domžale,Radomlje,3-sobno,3,56.4,1990,308000,5461,https://mojikvadrati.com/nepremicnina/544155-prodaja-stanovanje-3-sobno-ljubljana-okolica-domzale
544112,Gorenjska,Kranj,Planina I,3-sobno,3,80.8,1974,278000,3441,https://mojikvadrati.com/nepremicnina/544112-prodaja-stanovanje-3-sobno-gorenjska-kranj
544056,Ljubljana,Ljubljana,Center,"3,5-sobno",3.5,89.4,1992,580000,6488,https://mojikvadrati.com/nepremicnina/544056-prodaja-stanovanje-3-5-sobno-ljubljana-center
544011,Obalno - kraška,Koper,Koper,3-sobno,3,120.2,2010,630000,5241,https://mojikvadrati.com/nepremicnina/544011-prodaja-stanovanje-3-sobno-obalno-kraska-koper
543904,Ljubljana okolica,Dobrova - Polhov Gradec,Dobrova,3-sobno,3,50.7,1910,230000,4536,https://mojikvadrati.com/nepremicnina/543904-prodaja-stanovanje-3-sobno-ljubljana-okolica-dobrova-polhov-gradec
543895,Goriška,Ajdovščina,Ajdovščina,4-sobno,4,76.63,1963,265000,3458,https://mojikvadrati.com/nepremicnina/543895-prodaja-stanovanje-4-sobno-goriska-ajdovscina
543885,Savinjska,Celje,Celje,2-sobno,2,56.9,1979,165000,2900,https://mojikvadrati.com/nepremicnina/543885-prodaja-stanovanje-2-sobno-savinjska-celje
543876,Obalno - kraška,Koper,Koper,4-sobno,4,134.9,2005,635000,4707,https://mojikvadrati.com/nepremicnina/543876-prodaja-stanovanje-4-sobno-obalno-kraska-koper
543858,Ljubljana okolica,Domžale,Domžale,4-sobno,4,105.8,2027,412930,3903,https://mojikvadrati.com/nepremicnina/543858-prodaja-stanovanje-4-sobno-ljubljana-okolica-domzale
543854,Gorenjska,Škofja Loka,Stara Loka,3-sobno,3,109.9,2021,370000,3367,https://mojikvadrati.com/nepremicnina/543854-prodaja-stanovanje-3-sobno-gorenjska-skofja-loka
543821,Obalno - kraška,Ankaran,,4-sobno,4,154.0,2011,387000,2513,https://mojikvadrati.com/nepremicnina/543821-prodaja-stanovanje-4-sobno-obalno-kraska-ankaran
543819,Gorenjska,Tržič,Tržič,Garsonjera,0.5,14.0,1959,103000,7357,https://mojikvadrati.com/nepremicnina/543819-prodaja-stanovanje-garsonjera-gorenjska-trzic
543812,Gorenjska,Bled,Obrne,3-sobno,3,120.6,1986,277000,2297,https://mojikvadrati.com/nepremicnina/543812-prodaja-stanovanje-3-sobno-gorenjska-bled
543811,Gorenjska,Bohinj,Ribčev Laz,2-sobno,2,88.8,2010,398000,4482,https://mojikvadrati.com/nepremicnina/543811-prodaja-stanovanje-2-sobno-gorenjska-bohinj
543807,Ljubljana,Ljubljana,Center,2-sobno,2,68.2,1876,661500,9699,https://mojikvadrati.com/nepremicnina/543807-prodaja-stanovanje-2-sobno-ljubljana-center
543802,Gorenjska,Bled,Bled,1-sobno,1,31.6,1930,219000,6930,https://mojikvadrati.com/nepremicnina/543802-prodaja-stanovanje-1-sobno-gorenjska-bled
543794,Ljubljana,Ljubljana,Bežigrad,2-sobno,2,76.3,2026,479000,6278,https://mojikvadrati.com/nepremicnina/543794-prodaja-stanovanje-2-sobno-ljubljana-bezigrad
543785,Notranjsko - kraška,Cerknica,Rakek,4-sobno,4,100.6,2000,218500,2172,https://mojikvadrati.com/nepremicnina/543785-prodaja-stanovanje-4-sobno-notranjsko-kraska-cerknica
543780,Ljubljana okolica,Domžale,Domžale,3-sobno,3,67.6,1980,269000,3979,https://mojikvadrati.com/nepremicnina/543780-prodaja-stanovanje-3-sobno-ljubljana-okolica-domzale
543767,Ljubljana,Ljubljana,Vič-Rudnik,4-sobno,4,117.3,2025,1128000,9616,https://mojikvadrati.com/nepremicnina/543767-prodaja-stanovanje-4-sobno-ljubljana-vic-rudnik
543760,Ljubljana,Ljubljana,Šiška,"1,5-sobno",1.5,40.3,1978,279000,6923,https://mojikvadrati.com/nepremicnina/543760-prodaja-stanovanje-1-5-sobno-ljubljana-siska
543759,Ljubljana okolica,Kamnik,Kamnik,1-sobno,1,38.4,1982,159000,4141,https://mojikvadrati.com/nepremicnina/543759-prodaja-stanovanje-1-sobno-ljubljana-okolica-kamnik
543752,Ljubljana okolica,Kamnik,Kamnik,3-sobno,3,96.1,1890,356000,3704,https://mojikvadrati.com/nepremicnina/543752-prodaja-stanovanje-3-sobno-ljubljana-okolica-kamnik
543745,Podravska,Maribor,Spodnje Radvanje,4-sobno,4,92.1,1984,199900,2170,https://mojikvadrati.com/nepremicnina/543745-prodaja-stanovanje-4-sobno-podravska-maribor
543737,Savinjska,Vransko,Brode,3-sobno,3,182.34,2026,438573,2405,https://mojikvadrati.com/nepremicnina/543737-prodaja-stanovanje-3-sobno-savinjska-vransko
543735,Savinjska,Celje,Celje,2-sobno,2,38.3,1973,163000,4256,https://mojikvadrati.com/nepremicnina/543735-prodaja-stanovanje-2-sobno-savinjska-celje
543732,Gorenjska,Škofja Loka,Stara Loka,2-sobno,2,60.0,1976,330000,5500,https://mojikvadrati.com/nepremicnina/543732-prodaja-stanovanje-2-sobno-gorenjska-skofja-loka
543728,Savinjska,Vransko,Brode,2-sobno,2,42.04,2026,203525,4841,https://mojikvadrati.com/nepremicnina/543728-prodaja-stanovanje-2-sobno-savinjska-vransko
543704,Obalno - kraška,Koper,Kolomban,"2,5-sobno",2.5,62.4,2011,130000,2083,https://mojikvadrati.com/nepremicnina/543704-prodaja-stanovanje-2-5-sobno-obalno-kraska-koper
543699,Ljubljana,Ljubljana,Šiška,4-sobno,4,193.4,2024,649000,3356,https://mojikvadrati.com/nepremicnina/543699-prodaja-stanovanje-4-sobno-ljubljana-siska
543680,Ljubljana,Ljubljana,Moste-Polje,"1,5-sobno",1.5,37.2,1969,229000,6156,https://mojikvadrati.com/nepremicnina/543680-prodaja-stanovanje-1-5-sobno-ljubljana-moste-polje
543671,Savinjska,Velenje,Velenje,3-sobno,3,98.5,1978,248500,2523,https://mojikvadrati.com/nepremicnina/543671-prodaja-stanovanje-3-sobno-savinjska-velenje
543668,Ljubljana,Ljubljana,Vič-Rudnik,2-sobno,2,64.4,2025,449900,6986,https://mojikvadrati.com/nepremicnina/543668-prodaja-stanovanje-2-sobno-ljubljana-vic-rudnik
543665,Ljubljana,Ljubljana,Bežigrad,Garsonjera,0.5,44.0,1991,200000,4545,https://mojikvadrati.com/nepremicnina/543665-prodaja-stanovanje-garsonjera-ljubljana-bezigrad
543660,Ljubljana,Ljubljana,Šiška,2-sobno,2,79.6,1957,318000,3995,https://mojikvadrati.com/nepremicnina/543660-prodaja-stanovanje-2-sobno-ljubljana-siska
543655,Obalno - kraška,Koper,Koper,3-sobno,3,68.9,1972,319000,4630,https://mojikvadrati.com/nepremicnina/543655-prodaja-stanovanje-3-sobno-obalno-kraska-koper
543643,Obalno - kraška,Koper,Semedela,3-sobno,3,89.8,1970,330000,3675,https://mojikvadrati.com/nepremicnina/543643-prodaja-stanovanje-3-sobno-obalno-kraska-koper
543625,Ljubljana okolica,Domžale,Domžale,1-sobno,1,46.5,1982,235000,5054,https://mojikvadrati.com/nepremicnina/543625-prodaja-stanovanje-1-sobno-ljubljana-okolica-domzale
543606,Ljubljana,Ljubljana,Bežigrad,2-sobno,2,57.7,1997,450000,7799,https://mojikvadrati.com/nepremicnina/543606-prodaja-stanovanje-2-sobno-ljubljana-bezigrad
543593,Ljubljana,Ljubljana,Vič-Rudnik,4-sobno,4,104.5,2004,689000,6593,https://mojikvadrati.com/nepremicnina/543593-prodaja-stanovanje-4-sobno-ljubljana-vic-rudnik
543590,Goriška,Nova Gorica,Solkan,"3,5-sobno",3.5,200.6,,320000,1595,https://mojikvadrati.com/nepremicnina/543590-prodaja-stanovanje-3-5-sobno-goriska-nova-gorica
543582,Podravska,Slovenska Bistrica,Šmartno na Pohorju,2-sobno,2,58.7,1947,120000,2044,https://mojikvadrati.com/nepremicnina/543582-prodaja-stanovanje-2-sobno-podravska-slovenska-bistrica
543570,Podravska,Maribor,Tabor,3-sobno,3,73.9,1936,229900,3111,https://mojikvadrati.com/nepremicnina/543570-prodaja-stanovanje-3-sobno-podravska-maribor
543556,Ljubljana,Ljubljana,Bežigrad,1-sobno,1,48.4,1995,325000,6715,https://mojikvadrati.com/nepremicnina/543556-prodaja-stanovanje-1-sobno-ljubljana-bezigrad
543554,Ljubljana,Ljubljana,Bežigrad,3-sobno,3,269.3,2023,769000,2856,https://mojikvadrati.com/nepremicnina/543554-prodaja-stanovanje-3-sobno-ljubljana-bezigrad
543551,Ljubljana,Ljubljana,Šiška,Garsonjera,0.5,32.1,,239000,7445,https://mojikvadrati.com/nepremicnina/543551-prodaja-stanovanje-garsonjera-ljubljana-siska
543536,Gorenjska,Radovljica,Radovljica,1-sobno,1,34.1,1981,178000,5220,https://mojikvadrati.com/nepremicnina/543536-prodaja-stanovanje-1-sobno-gorenjska-radovljica
543535,Ljubljana okolica,Domžale,,4-sobno,4,89.0,2011,530000,5955,https://mojikvadrati.com/nepremicnina/543535-prodaja-stanovanje-4-sobno-ljubljana-okolica-domzale
543529,Savinjska,Žalec,Šempeter v Savinjski Dolini,5+ več sobno,5,115.0,,248900,2164,https://mojikvadrati.com/nepremicnina/543529-prodaja-stanovanje-5-vec-sobno-savinjska-zalec
543525,Ljubljana,Ljubljana,Šiška,3-sobno,3,76.7,1968,425000,5541,https://mojikvadrati.com/nepremicnina/543525-prodaja-stanovanje-3-sobno-ljubljana-siska
543523,Podravska,Maribor,Center,3-sobno,3,82.5,1892,328900,3987,https://mojikvadrati.com/nepremicnina/543523-prodaja-stanovanje-3-sobno-podravska-maribor
543522,Podravska,Maribor,Center,3-sobno,3,85.9,1892,349900,4073,https://mojikvadrati.com/nepremicnina/543522-prodaja-stanovanje-3-sobno-podravska-maribor
543485,Obalno - kraška,Ankaran,Ankaran,3-sobno,3,85.2,1976,349000,4096,https://mojikvadrati.com/nepremicnina/543485-prodaja-stanovanje-3-sobno-obalno-kraska-ankaran
543477,Podravska,Ptuj,Center,3-sobno,3,92.8,1933,169000,1821,https://mojikvadrati.com/nepremicnina/543477-prodaja-stanovanje-3-sobno-podravska-ptuj
543462,Podravska,Ptuj,Center,3-sobno,3,76.9,1982,190000,2471,https://mojikvadrati.com/nepremicnina/543462-prodaja-stanovanje-3-sobno-podravska-ptuj
543460,Podravska,Ptuj,Center,3-sobno,3,82.4,1910,149000,1808,https://mojikvadrati.com/nepremicnina/543460-prodaja-stanovanje-3-sobno-podravska-ptuj
543459,Podravska,Kidričevo,Kidričevo,3-sobno,3,65.3,1950,169000,2588,https://mojikvadrati.com/nepremicnina/543459-prodaja-stanovanje-3-sobno-podravska-kidricevo
543445,Obalno - kraška,Koper,Center,3-sobno,3,78.4,1860,319000,4069,https://mojikvadrati.com/nepremicnina/543445-prodaja-stanovanje-3-sobno-obalno-kraska-koper
543441,Podravska,Maribor,Center,1-sobno,1,44.0,1800,129000,2932,https://mojikvadrati.com/nepremicnina/543441-prodaja-stanovanje-1-sobno-podravska-maribor
543414,Obalno - kraška,Izola,Izola,1-sobno,1,39.3,1971,295000,7506,https://mojikvadrati.com/nepremicnina/543414-prodaja-stanovanje-1-sobno-obalno-kraska-izola
543403,Ljubljana,Ljubljana,Center,1-sobno,1,38.5,1658,340000,8831,https://mojikvadrati.com/nepremicnina/543403-prodaja-stanovanje-1-sobno-ljubljana-center
543400,Ljubljana,Ljubljana,Šiška,"4,5-sobno",4.5,130.2,,470000,3610,https://mojikvadrati.com/nepremicnina/543400-prodaja-stanovanje-4-5-sobno-ljubljana-siska
543371,Goriška,Nova Gorica,Nova Gorica,2-sobno,2,64.0,1981,189000,2953,https://mojikvadrati.com/nepremicnina/543371-prodaja-stanovanje-2-sobno-goriska-nova-gorica
543368,Obalno - kraška,Koper,Koper,3-sobno,3,89.8,1970,330000,3675,https://mojikvadrati.com/nepremicnina/543368-prodaja-stanovanje-3-sobno-obalno-kraska-koper
543358,Ljubljana,Ljubljana,Vič-Rudnik,2-sobno,2,59.3,1992,340000,5734,https://mojikvadrati.com/nepremicnina/543358-prodaja-stanovanje-2-sobno-ljubljana-vic-rudnik
543343,Ljubljana,Ljubljana,Center,2-sobno,2,79.0,1935,425000,5380,https://mojikvadrati.com/nepremicnina/543343-prodaja-stanovanje-2-sobno-ljubljana-center
543337,Ljubljana,Ljubljana,Bežigrad,2-sobno,2,51.4,1964,290000,5642,https://mojikvadrati.com/nepremicnina/543337-prodaja-stanovanje-2-sobno-ljubljana-bezigrad
543330,Obalno - kraška,Izola,Center,3-sobno,3,66.6,1900,345000,5180,https://mojikvadrati.com/nepremicnina/543330-prodaja-stanovanje-3-sobno-obalno-kraska-izola
543327,Ljubljana,Ljubljana,Bežigrad,3-sobno,3,69.0,1968,329000,4768,https://mojikvadrati.com/nepremicnina/543327-prodaja-stanovanje-3-sobno-ljubljana-bezigrad
543326,Savinjska,Velenje,Velenje,"2,5-sobno",2.5,67.9,1986,197000,2901,https://mojikvadrati.com/nepremicnina/543326-prodaja-stanovanje-2-5-sobno-savinjska-velenje
543324,Ljubljana,Ljubljana,Bežigrad,"2,5-sobno",2.5,69.0,1968,329000,4768,https://mojikvadrati.com/nepremicnina/543324-prodaja-stanovanje-2-5-sobno-ljubljana-bezigrad
543320,Obalno - kraška,Izola,Malija,3-sobno,3,186.4,2020,560000,3004,https://mojikvadrati.com/nepremicnina/543320-prodaja-stanovanje-3-sobno-obalno-kraska-izola
543315,Savinjska,Vransko,Brode,3-sobno,3,65.33,2026,299587,4586,https://mojikvadrati.com/nepremicnina/543315-prodaja-stanovanje-3-sobno-savinjska-vransko
543302,Ljubljana,Ljubljana,Vič-Rudnik,Garsonjera,0.5,51.7,,339000,6557,https://mojikvadrati.com/nepremicnina/543302-prodaja-stanovanje-garsonjera-ljubljana-vic-rudnik
543297,Podravska,Maribor,Tabor,2-sobno,2,50.1,1959,185000,3693,https://mojikvadrati.com/nepremicnina/543297-prodaja-stanovanje-2-sobno-podravska-maribor
543232,Ljubljana,Ljubljana,Center,1-sobno,1,53.87,2029,325000,6033,https://mojikvadrati.com/nepremicnina/543232-prodaja-stanovanje-1-sobno-ljubljana-center
543228,Podravska,Ruše,Bistrica ob dravi,2-sobno,2,58.6,1985,160000,2730,https://mojikvadrati.com/nepremicnina/543228-prodaja-stanovanje-2-sobno-podravska-ruse
543223,Ljubljana,Ljubljana,Moste-Polje,1-sobno,1,38.3,1936,235000,6136,https://mojikvadrati.com/nepremicnina/543223-prodaja-stanovanje-1-sobno-ljubljana-moste-polje
543200,Savinjska,Žalec,Žalec,"2,5-sobno",2.5,80.0,2019,325000,4062,https://mojikvadrati.com/nepremicnina/543200-prodaja-stanovanje-2-5-sobno-savinjska-zalec
543174,Ljubljana okolica,Domžale,Domžale,3-sobno,3,73.1,1954,249000,3406,https://mojikvadrati.com/nepremicnina/543174-prodaja-stanovanje-3-sobno-ljubljana-okolica-domzale
543039,Pomurska,Gornja Radgona,Gornja Radgona,2-sobno,2,42.8,1961,92690,2166,https://mojikvadrati.com/nepremicnina/543039-prodaja-stanovanje-2-sobno-pomurska-gornja-radgona
543035,Podravska,Maribor,Pobrežje,4-sobno,4,140.7,1965,240000,1706,https://mojikvadrati.com/nepremicnina/543035-prodaja-stanovanje-4-sobno-podravska-maribor
543019,Ljubljana,Ljubljana,Moste-Polje,1-sobno,1,42.2,1978,265000,6280,https://mojikvadrati.com/nepremicnina/543019-prodaja-stanovanje-1-sobno-ljubljana-moste-polje
543015,Ljubljana okolica,Kamnik,Kamnik,2-sobno,2,55.2,2004,255000,4620,https://mojikvadrati.com/nepremicnina/543015-prodaja-stanovanje-2-sobno-ljubljana-okolica-kamnik
543007,Obalno - kraška,Koper,Zgornje Škofije,4-sobno,4,134.0,1977,450000,3358,https://mojikvadrati.com/nepremicnina/543007-prodaja-stanovanje-4-sobno-obalno-kraska-koper
543001,Ljubljana okolica,Brezovica,Brezovica pri Ljubljani,"4,5-sobno",4.5,238.75,,699157,2928,https://mojikvadrati.com/nepremicnina/543001-prodaja-stanovanje-4-5-sobno-ljubljana-okolica-brezovica
542999,Ljubljana okolica,Brezovica,Brezovica pri Ljubljani,"4,5-sobno",4.5,240.95,,695235,2885,https://mojikvadrati.com/nepremicnina/542999-prodaja-stanovanje-4-5-sobno-ljubljana-okolica-brezovica
542972,Ljubljana,Ljubljana,Moste-Polje,4-sobno,4,73.5,1986,420000,5714,https://mojikvadrati.com/nepremicnina/542972-prodaja-stanovanje-4-sobno-ljubljana-moste-polje
542928,Ljubljana,Ljubljana,Šiška,3-sobno,3,103.9,2000,680000,6545,https://mojikvadrati.com/nepremicnina/542928-prodaja-stanovanje-3-sobno-ljubljana-siska
542827,Ljubljana okolica,Trzin,Trzin,2-sobno,2,51.9,1998,249500,4807,https://mojikvadrati.com/nepremicnina/542827-prodaja-stanovanje-2-sobno-ljubljana-okolica-trzin
542824,Ljubljana,Ljubljana,Center,3-sobno,3,98.9,1936,395000,3994,https://mojikvadrati.com/nepremicnina/542824-prodaja-stanovanje-3-sobno-ljubljana-center
542807,Ljubljana okolica,Domžale,Domžale,3-sobno,3,74.8,1977,329000,4398,https://mojikvadrati.com/nepremicnina/542807-prodaja-stanovanje-3-sobno-ljubljana-okolica-domzale
542779,Ljubljana,Ljubljana,Center,5+ več sobno,5,141.0,,595000,4220,https://mojikvadrati.com/nepremicnina/542779-prodaja-stanovanje-5-vec-sobno-ljubljana-center
542763,Ljubljana okolica,Dobrova - Polhov Gradec,Šujica,"4,5-sobno",4.5,117.5,,545000,4638,https://mojikvadrati.com/nepremicnina/542763-prodaja-stanovanje-4-5-sobno-ljubljana-okolica-dobrova-polhov-gradec
542745,Obalno - kraška,Koper,Markovec,3-sobno,3,63.9,1991,320000,5008,https://mojikvadrati.com/nepremicnina/542745-prodaja-stanovanje-3-sobno-obalno-kraska-koper
542738,Ljubljana,Ljubljana,Moste-Polje,"2,5-sobno",2.5,59.3,1935,320000,5396,https://mojikvadrati.com/nepremicnina/542738-prodaja-stanovanje-2-5-sobno-ljubljana-moste-polje
542730,Obalno - kraška,Koper,Semedela,3-sobno,3,88.2,2007,480000,5442,https://mojikvadrati.com/nepremicnina/542730-prodaja-stanovanje-3-sobno-obalno-kraska-koper
542724,Savinjska,Celje,Center,2-sobno,2,84.9,1932,195000,2297,https://mojikvadrati.com/nepremicnina/542724-prodaja-stanovanje-2-sobno-savinjska-celje
542720,Ljubljana,Ljubljana,Moste-Polje,4-sobno,4,94.0,1986,420000,4468,https://mojikvadrati.com/nepremicnina/542720-prodaja-stanovanje-4-sobno-ljubljana-moste-polje
542709,Savinjska,Celje,Vojnik,3-sobno,3,83.5,2024,297000,3557,https://mojikvadrati.com/nepremicnina/542709-prodaja-stanovanje-3-sobno-savinjska-celje
542707,Podravska,Maribor,Tabor,2-sobno,2,55.3,1963,146900,2656,https://mojikvadrati.com/nepremicnina/542707-prodaja-stanovanje-2-sobno-podravska-maribor
542705,Podravska,Lenart,Lenart v Slovenskih Goricah,2-sobno,2,61.5,2007,169000,2748,https://mojikvadrati.com/nepremicnina/542705-prodaja-stanovanje-2-sobno-podravska-lenart
542654,Gorenjska,Kranj,Kranj,3-sobno,3,81.6,1941,395000,4841,https://mojikvadrati.com/nepremicnina/542654-prodaja-stanovanje-3-sobno-gorenjska-kranj
542647,Savinjska,Polzela,Polzela,3-sobno,3,79.2,1967,163000,2058,https://mojikvadrati.com/nepremicnina/542647-prodaja-stanovanje-3-sobno-savinjska-polzela
542644,Savinjska,Celje,Center,4-sobno,4,73.3,1451,235000,3206,https://mojikvadrati.com/nepremicnina/542644-prodaja-stanovanje-4-sobno-savinjska-celje
542610,Obalno - kraška,Piran,Center,3-sobno,3,69.1,1800,348000,5036,https://mojikvadrati.com/nepremicnina/542610-prodaja-stanovanje-3-sobno-obalno-kraska-piran
542606,Ljubljana,Ljubljana,Center,"4,5-sobno",4.5,170.0,2005,1900000,11176,https://mojikvadrati.com/nepremicnina/542606-prodaja-stanovanje-4-5-sobno-ljubljana-center
542592,Obalno - kraška,Piran,Portorož center,3-sobno,3,80.4,1980,690000,8582,https://mojikvadrati.com/nepremicnina/542592-prodaja-stanovanje-3-sobno-obalno-kraska-piran
542581,Podravska,Maribor,Spodnje Radvanje,3-sobno,3,68.4,1988,189000,2763,https://mojikvadrati.com/nepremicnina/542581-prodaja-stanovanje-3-sobno-podravska-maribor
542567,Gorenjska,Tržič,Tržič,2-sobno,2,71.1,1926,159000,2236,https://mojikvadrati.com/nepremicnina/542567-prodaja-stanovanje-2-sobno-gorenjska-trzic
542562,Pomurska,Ljutomer,Ljutomer,3-sobno,3,72.1,1955,160000,2219,https://mojikvadrati.com/nepremicnina/542562-prodaja-stanovanje-3-sobno-pomurska-ljutomer
542470,Obalno - kraška,Koper,Center,2-sobno,2,50.0,1905,252000,5040,https://mojikvadrati.com/nepremicnina/542470-prodaja-stanovanje-2-sobno-obalno-kraska-koper
542466,Ljubljana,Ljubljana,Bežigrad,2-sobno,2,59.5,1975,315000,5294,https://mojikvadrati.com/nepremicnina/542466-prodaja-stanovanje-2-sobno-ljubljana-bezigrad
542455,Ljubljana okolica,Domžale,Domžale,"2,5-sobno",2.5,66.8,2003,349000,5225,https://mojikvadrati.com/nepremicnina/542455-prodaja-stanovanje-2-5-sobno-ljubljana-okolica-domzale
542449,Podravska,Hoče - Slivnica,Zgornje Hoče,3-sobno,3,70.9,2008,215000,3032,https://mojikvadrati.com/nepremicnina/542449-prodaja-stanovanje-3-sobno-podravska-hoce-slivnica
542433,Obalno - kraška,Koper,Center,3-sobno,3,50.7,2010,335000,6607,https://mojikvadrati.com/nepremicnina/542433-prodaja-stanovanje-3-sobno-obalno-kraska-koper
542295,Gorenjska,Kranj,Center,3-sobno,3,92.3,2008,290000,3142,https://mojikvadrati.com/nepremicnina/542295-prodaja-stanovanje-3-sobno-gorenjska-kranj
542291,Gorenjska,Kranj,Center,4-sobno,4,112.0,2008,520000,4643,https://mojikvadrati.com/nepremicnina/542291-prodaja-stanovanje-4-sobno-gorenjska-kranj
542273,Savinjska,Celje,Lava,3-sobno,3,79.8,2002,246000,3083,https://mojikvadrati.com/nepremicnina/542273-prodaja-stanovanje-3-sobno-savinjska-celje
542271,Podravska,Ormož,Velika Nedelja,"1,5-sobno",1.5,50.3,2023,127400,2533,https://mojikvadrati.com/nepremicnina/542271-prodaja-stanovanje-1-5-sobno-podravska-ormoz
542266,Ljubljana,Ljubljana,Bežigrad,3-sobno,3,106.5,2003,769000,7221,https://mojikvadrati.com/nepremicnina/542266-prodaja-stanovanje-3-sobno-ljubljana-bezigrad
542261,Podravska,Maribor,Spodnje Radvanje,3-sobno,3,62.1,1996,165000,2657,https://mojikvadrati.com/nepremicnina/542261-prodaja-stanovanje-3-sobno-podravska-maribor
542240,Ljubljana,Ljubljana,Center,"2,5-sobno",2.5,71.59,,329000,4596,https://mojikvadrati.com/nepremicnina/542240-prodaja-stanovanje-2-5-sobno-ljubljana-center
542215,Savinjska,Celje,Celje,3-sobno,3,80.2,1984,205000,2556,https://mojikvadrati.com/nepremicnina/542215-prodaja-stanovanje-3-sobno-savinjska-celje
542210,Ljubljana,Ljubljana,Šiška,3-sobno,3,194.2,2020,890000,4583,https://mojikvadrati.com/nepremicnina/542210-prodaja-stanovanje-3-sobno-ljubljana-siska
542151,Obalno - kraška,Piran,Sečovlje,3-sobno,3,71.0,1959,285000,4014,https://mojikvadrati.com/nepremicnina/542151-prodaja-stanovanje-3-sobno-obalno-kraska-piran
542150,Gorenjska,Jesenice,Blejska Dobrava,3-sobno,3,97.6,1935,215000,2203,https://mojikvadrati.com/nepremicnina/542150-prodaja-stanovanje-3-sobno-gorenjska-jesenice
542146,Obalno - kraška,Izola,Center,1-sobno,1,54.0,2002,298000,5519,https://mojikvadrati.com/nepremicnina/542146-prodaja-stanovanje-1-sobno-obalno-kraska-izola
542089,Ljubljana,Ljubljana,Moste-Polje,"2,5-sobno",2.5,63.8,1955,269000,4216,https://mojikvadrati.com/nepremicnina/542089-prodaja-stanovanje-2-5-sobno-ljubljana-moste-polje
542076,Ljubljana,Ljubljana,Center,3-sobno,3,121.4,1930,695000,5725,https://mojikvadrati.com/nepremicnina/542076-prodaja-stanovanje-3-sobno-ljubljana-center
542058,Ljubljana okolica,Logatec,Kalce,"2,5-sobno",2.5,53.6,1910,188000,3507,https://mojikvadrati.com/nepremicnina/542058-prodaja-stanovanje-2-5-sobno-ljubljana-okolica-logatec
542035,Podravska,Maribor,Tabor,3-sobno,3,87.4,1971,255000,2918,https://mojikvadrati.com/nepremicnina/542035-prodaja-stanovanje-3-sobno-podravska-maribor
542034,Savinjska,Celje,Center,2-sobno,2,34.5,1890,110000,3188,https://mojikvadrati.com/nepremicnina/542034-prodaja-stanovanje-2-sobno-savinjska-celje
542033,Ljubljana okolica,Vrhnika,Vrhnika,3-sobno,3,79.7,1975,290000,3639,https://mojikvadrati.com/nepremicnina/542033-prodaja-stanovanje-3-sobno-ljubljana-okolica-vrhnika
542030,Ljubljana,Ljubljana,Šiška,5+ več sobno,5,153.0,,545000,3562,https://mojikvadrati.com/nepremicnina/542030-prodaja-stanovanje-5-vec-sobno-ljubljana-siska
541964,Podravska,Maribor,Pobrežje,3-sobno,3,70.0,2025,305000,4357,https://mojikvadrati.com/nepremicnina/541964-prodaja-stanovanje-3-sobno-podravska-maribor
541933,Ljubljana,Ljubljana,Bežigrad,3-sobno,3,86.0,1950,400000,4651,https://mojikvadrati.com/nepremicnina/541933-prodaja-stanovanje-3-sobno-ljubljana-bezigrad
541888,Obalno - kraška,Koper,,3-sobno,3,52.9,2005,305000,5766,https://mojikvadrati.com/nepremicnina/541888-prodaja-stanovanje-3-sobno-obalno-kraska-koper
541881,Gorenjska,Bled,Bled,1-sobno,1,35.3,1987,229000,6487,https://mojikvadrati.com/nepremicnina/541881-prodaja-stanovanje-1-sobno-gorenjska-bled
541879,Goriška,Bovec,,Garsonjera,0.5,32.2,,119000,3696,https://mojikvadrati.com/nepremicnina/541879-prodaja-stanovanje-garsonjera-goriska-bovec
541872,Podravska,Maribor,Center,2-sobno,2,45.9,1962,164900,3593,https://mojikvadrati.com/nepremicnina/541872-prodaja-stanovanje-2-sobno-podravska-maribor
541871,Podravska,Maribor,,2-sobno,2,82.6,2002,280000,3390,https://mojikvadrati.com/nepremicnina/541871-prodaja-stanovanje-2-sobno-podravska-maribor
541863,Ljubljana,Ljubljana,Bežigrad,"2,5-sobno",2.5,87.6,2002,379500,4332,https://mojikvadrati.com/nepremicnina/541863-prodaja-stanovanje-2-5-sobno-ljubljana-bezigrad
541854,Goriška,Šempeter - Vrtojba,Šempeter pri Gorici,"3,5-sobno",3.5,81.35,,325312,3999,https://mojikvadrati.com/nepremicnina/541854-prodaja-stanovanje-3-5-sobno-goriska-sempeter-vrtojba
541837,Ljubljana,Ljubljana,Bežigrad,"2,5-sobno",2.5,53.29,,269900,5065,https://mojikvadrati.com/nepremicnina/541837-prodaja-stanovanje-2-5-sobno-ljubljana-bezigrad
541835,Ljubljana,Ljubljana,Šiška,Garsonjera,0.5,29.2,,198000,6781,https://mojikvadrati.com/nepremicnina/541835-prodaja-stanovanje-garsonjera-ljubljana-siska
541834,Ljubljana,Ljubljana,Bežigrad,3-sobno,3,87.0,2002,379500,4362,https://mojikvadrati.com/nepremicnina/541834-prodaja-stanovanje-3-sobno-ljubljana-bezigrad
541822,Ljubljana,Ljubljana,Šiška,5+ več sobno,5,299.0,,990000,3311,https://mojikvadrati.com/nepremicnina/541822-prodaja-stanovanje-5-vec-sobno-ljubljana-siska
541797,Obalno - kraška,Piran,Piran/Pirano,3-sobno,3,75.0,1880,530000,7067,https://mojikvadrati.com/nepremicnina/541797-prodaja-stanovanje-3-sobno-obalno-kraska-piran
541796,Gorenjska,Šenčur,Šenčur,3-sobno,3,94.7,1984,350000,3696,https://mojikvadrati.com/nepremicnina/541796-prodaja-stanovanje-3-sobno-gorenjska-sencur
541782,Ljubljana,Ljubljana,Center,3-sobno,3,85.19,2029,499653,5865,https://mojikvadrati.com/nepremicnina/541782-prodaja-stanovanje-3-sobno-ljubljana-center
541707,Podravska,Maribor,Meljski Hrib,3-sobno,3,108.3,1960,259000,2392,https://mojikvadrati.com/nepremicnina/541707-prodaja-stanovanje-3-sobno-podravska-maribor
541702,Ljubljana okolica,Domžale,Radomlje,4-sobno,4,89.0,2018,520000,5843,https://mojikvadrati.com/nepremicnina/541702-prodaja-stanovanje-4-sobno-ljubljana-okolica-domzale
541700,Podravska,Maribor,Center,1-sobno,1,60.0,1905,150000,2500,https://mojikvadrati.com/nepremicnina/541700-prodaja-stanovanje-1-sobno-podravska-maribor
541694,Obalno - kraška,Koper,Center,2-sobno,2,67.1,1860,252000,3756,https://mojikvadrati.com/nepremicnina/541694-prodaja-stanovanje-2-sobno-obalno-kraska-koper
541692,Obalno - kraška,Koper,Zgornje Škofije,3-sobno,3,106.3,1977,400000,3763,https://mojikvadrati.com/nepremicnina/541692-prodaja-stanovanje-3-sobno-obalno-kraska-koper
541670,Obalno - kraška,Koper,Center,4-sobno,4,85.5,1900,375000,4386,https://mojikvadrati.com/nepremicnina/541670-prodaja-stanovanje-4-sobno-obalno-kraska-koper
541666,Ljubljana okolica,Domžale,Vir,4-sobno,4,147.6,2023,570000,3862,https://mojikvadrati.com/nepremicnina/541666-prodaja-stanovanje-4-sobno-ljubljana-okolica-domzale
541649,Podravska,Maribor,Center,2-sobno,2,63.3,1977,199900,3158,https://mojikvadrati.com/nepremicnina/541649-prodaja-stanovanje-2-sobno-podravska-maribor
541636,Gorenjska,Kranj,Kranj,3-sobno,3,80.3,2025,395000,4919,https://mojikvadrati.com/nepremicnina/541636-prodaja-stanovanje-3-sobno-gorenjska-kranj
541632,Notranjsko - kraška,Loška Dolina,Stari Trg pri Ložu,3-sobno,3,86.0,1860,99200,1153,https://mojikvadrati.com/nepremicnina/541632-prodaja-stanovanje-3-sobno-notranjsko-kraska-loska-dolina
541583,Ljubljana,Ljubljana,Bežigrad,3-sobno,3,87.6,2002,379500,4332,https://mojikvadrati.com/nepremicnina/541583-prodaja-stanovanje-3-sobno-ljubljana-bezigrad
541551,Obalno - kraška,Koper,Semedela,3-sobno,3,127.1,1968,445000,3501,https://mojikvadrati.com/nepremicnina/541551-prodaja-stanovanje-3-sobno-obalno-kraska-koper
541549,Ljubljana,Ljubljana,Vič-Rudnik,3-sobno,3,82.4,1995,490000,5947,https://mojikvadrati.com/nepremicnina/541549-prodaja-stanovanje-3-sobno-ljubljana-vic-rudnik
541539,Ljubljana,Ljubljana,Bežigrad,3-sobno,3,77.6,1963,389000,5013,https://mojikvadrati.com/nepremicnina/541539-prodaja-stanovanje-3-sobno-ljubljana-bezigrad
541538,Ljubljana,Ljubljana,Bežigrad,3-sobno,3,77.6,1963,359000,4626,https://mojikvadrati.com/nepremicnina/541538-prodaja-stanovanje-3-sobno-ljubljana-bezigrad
541532,Zasavska,Hrastnik,Podkraj,"2,5-sobno",2.5,53.7,1962,142900,2661,https://mojikvadrati.com/nepremicnina/541532-prodaja-stanovanje-2-5-sobno-zasavska-hrastnik
541522,Ljubljana,Ljubljana,Moste-Polje,4-sobno,4,90.1,1980,415000,4606,https://mojikvadrati.com/nepremicnina/541522-prodaja-stanovanje-4-sobno-ljubljana-moste-polje
541518,Obalno - kraška,Piran,Piran/Pirano,Garsonjera,0.5,25.0,1900,236000,9440,https://mojikvadrati.com/nepremicnina/541518-prodaja-stanovanje-garsonjera-obalno-kraska-piran
541516,Ljubljana,Ljubljana,Center,3-sobno,3,84.9,1895,275000,3239,https://mojikvadrati.com/nepremicnina/541516-prodaja-stanovanje-3-sobno-ljubljana-center
541513,Ljubljana,Ljubljana,Center,4-sobno,4,122.4,1624,599000,4894,https://mojikvadrati.com/nepremicnina/541513-prodaja-stanovanje-4-sobno-ljubljana-center
541506,Obalno - kraška,Piran,Piran/Pirano,1-sobno,1,43.0,1900,248000,5767,https://mojikvadrati.com/nepremicnina/541506-prodaja-stanovanje-1-sobno-obalno-kraska-piran
541490,Ljubljana,Ljubljana,Moste-Polje,2-sobno,2,53.7,2006,285000,5307,https://mojikvadrati.com/nepremicnina/541490-prodaja-stanovanje-2-sobno-ljubljana-moste-polje
541473,Podravska,Maribor,Koroška vrata,2-sobno,2,65.0,2007,199000,3062,https://mojikvadrati.com/nepremicnina/541473-prodaja-stanovanje-2-sobno-podravska-maribor
541469,Podravska,Maribor,Center,3-sobno,3,110.0,1905,360000,3273,https://mojikvadrati.com/nepremicnina/541469-prodaja-stanovanje-3-sobno-podravska-maribor
541456,Ljubljana,Ljubljana,Center,2-sobno,2,71.44,1876,764925,10707,https://mojikvadrati.com/nepremicnina/541456-prodaja-stanovanje-2-sobno-ljubljana-center
541449,Podravska,Maribor,Center,3-sobno,3,69.1,1963,248900,3602,https://mojikvadrati.com/nepremicnina/541449-prodaja-stanovanje-3-sobno-podravska-maribor
541438,Savinjska,Celje,Otok,"2,5-sobno",2.5,56.0,1969,224000,4000,https://mojikvadrati.com/nepremicnina/541438-prodaja-stanovanje-2-5-sobno-savinjska-celje
541404,Ljubljana,Ljubljana,Šiška,2-sobno,2,69.0,1895,321000,4652,https://mojikvadrati.com/nepremicnina/541404-prodaja-stanovanje-2-sobno-ljubljana-siska
541402,Obalno - kraška,Piran,Lucija,2-sobno,2,37.7,1996,260000,6897,https://mojikvadrati.com/nepremicnina/541402-prodaja-stanovanje-2-sobno-obalno-kraska-piran
541388,Notranjsko - kraška,Cerknica,Cerknica,2-sobno,2,56.0,2009,218000,3893,https://mojikvadrati.com/nepremicnina/541388-prodaja-stanovanje-2-sobno-notranjsko-kraska-cerknica
541358,Podravska,Maribor,Tabor,1-sobno,1,35.7,1969,123000,3445,https://mojikvadrati.com/nepremicnina/541358-prodaja-stanovanje-1-sobno-podravska-maribor
541349,Podravska,Maribor,Tabor,3-sobno,3,92.8,1938,265000,2856,https://mojikvadrati.com/nepremicnina/541349-prodaja-stanovanje-3-sobno-podravska-maribor
541345,Ljubljana okolica,Domžale,Domžale,4-sobno,4,93.5,1976,375000,4011,https://mojikvadrati.com/nepremicnina/541345-prodaja-stanovanje-4-sobno-ljubljana-okolica-domzale
541307,Gorenjska,Bled,Bled,"1,5-sobno",1.5,35.8,1981,165000,4609,https://mojikvadrati.com/nepremicnina/541307-prodaja-stanovanje-1-5-sobno-gorenjska-bled
541306,Ljubljana okolica,Domžale,Domžale,"2,5-sobno",2.5,62.4,1982,198000,3173,https://mojikvadrati.com/nepremicnina/541306-prodaja-stanovanje-2-5-sobno-ljubljana-okolica-domzale
541287,Ljubljana okolica,Dol pri Ljubljani,Dolsko,"2,5-sobno",2.5,97.84,,360000,3679,https://mojikvadrati.com/nepremicnina/541287-prodaja-stanovanje-2-5-sobno-ljubljana-okolica-dol-pri-ljubljani
541277,Podravska,Maribor,Nova vas,2-sobno,2,52.6,1980,157800,3000,https://mojikvadrati.com/nepremicnina/541277-prodaja-stanovanje-2-sobno-podravska-maribor
541276,Spodnjeposavska,Krško,Krško,2-sobno,2,48.3,1900,120000,2484,https://mojikvadrati.com/nepremicnina/541276-prodaja-stanovanje-2-sobno-spodnjeposavska-krsko
541275,Obalno - kraška,Koper,Šmarje,3-sobno,3,80.8,1866,359000,4443,https://mojikvadrati.com/nepremicnina/541275-prodaja-stanovanje-3-sobno-obalno-kraska-koper
541274,Obalno - kraška,Koper,Šmarje,3-sobno,3,76.2,1866,339000,4449,https://mojikvadrati.com/nepremicnina/541274-prodaja-stanovanje-3-sobno-obalno-kraska-koper
541270,Ljubljana,Ljubljana,Bežigrad,2-sobno,2,49.4,2020,320000,6478,https://mojikvadrati.com/nepremicnina/541270-prodaja-stanovanje-2-sobno-ljubljana-bezigrad
541266,Podravska,Maribor,Tabor,Garsonjera,0.5,31.0,1985,80000,2581,https://mojikvadrati.com/nepremicnina/541266-prodaja-stanovanje-garsonjera-podravska-maribor
541264,Ljubljana okolica,Domžale,Preserje pri Radomljah,2-sobno,2,45.8,2012,319000,6965,https://mojikvadrati.com/nepremicnina/541264-prodaja-stanovanje-2-sobno-ljubljana-okolica-domzale
541249,Ljubljana,Ljubljana,Center,3-sobno,3,103.87,1876,947100,9118,https://mojikvadrati.com/nepremicnina/541249-prodaja-stanovanje-3-sobno-ljubljana-center
541247,Ljubljana,Ljubljana,Vič-Rudnik,3-sobno,3,89.7,2016,545000,6076,https://mojikvadrati.com/nepremicnina/541247-prodaja-stanovanje-3-sobno-ljubljana-vic-rudnik
541237,Obalno - kraška,Izola,Jagodje,"3,5-sobno",3.5,107.3,,643220,5995,https://mojikvadrati.com/nepremicnina/541237-prodaja-stanovanje-3-5-sobno-obalno-kraska-izola
541231,Pomurska,Murska Sobota,Murska Sobota,"1,5-sobno",1.5,41.1,1965,97900,2382,https://mojikvadrati.com/nepremicnina/541231-prodaja-stanovanje-1-5-sobno-pomurska-murska-sobota
541221,Obalno - kraška,Koper,Semedela,3-sobno,3,109.7,2010,645000,5880,https://mojikvadrati.com/nepremicnina/541221-prodaja-stanovanje-3-sobno-obalno-kraska-koper
541211,Ljubljana,Ljubljana,Bežigrad,4-sobno,4,201.0,2025,950000,4726,https://mojikvadrati.com/nepremicnina/541211-prodaja-stanovanje-4-sobno-ljubljana-bezigrad
541197,Obalno - kraška,Piran,Seča,2-sobno,2,44.3,2001,199000,4492,https://mojikvadrati.com/nepremicnina/541197-prodaja-stanovanje-2-sobno-obalno-kraska-piran
541194,Ljubljana okolica,Domžale,Vir,4-sobno,4,93.5,1976,349000,3733,https://mojikvadrati.com/nepremicnina/541194-prodaja-stanovanje-4-sobno-ljubljana-okolica-domzale
541171,Obalno - kraška,Piran,Center,2-sobno,2,45.5,1900,269000,5912,https://mojikvadrati.com/nepremicnina/541171-prodaja-stanovanje-2-sobno-obalno-kraska-piran
541164,Obalno - kraška,Piran,Center,"4,5-sobno",4.5,120.0,1900,529000,4408,https://mojikvadrati.com/nepremicnina/541164-prodaja-stanovanje-4-5-sobno-obalno-kraska-piran
541154,Gorenjska,Kranj,Kranj,4-sobno,4,183.4,2026,478953,2612,https://mojikvadrati.com/nepremicnina/541154-prodaja-stanovanje-4-sobno-gorenjska-kranj
541151,Gorenjska,Kranj,Kranj,4-sobno,4,173.5,2026,445884,2570,https://mojikvadrati.com/nepremicnina/541151-prodaja-stanovanje-4-sobno-gorenjska-kranj
541146,Gorenjska,Kranj,Kranj,4-sobno,4,148.5,2026,447855,3016,https://mojikvadrati.com/nepremicnina/541146-prodaja-stanovanje-4-sobno-gorenjska-kranj
541141,Gorenjska,Kranj,Planina I,3-sobno,3,80.0,1974,330000,4125,https://mojikvadrati.com/nepremicnina/541141-prodaja-stanovanje-3-sobno-gorenjska-kranj
541140,Ljubljana okolica,Brezovica,Vnanje Gorice,3-sobno,3,81.3,1965,269000,3309,https://mojikvadrati.com/nepremicnina/541140-prodaja-stanovanje-3-sobno-ljubljana-okolica-brezovica
541134,Ljubljana,Ljubljana,Center,5+ več sobno,5,134.67,,1488375,11052,https://mojikvadrati.com/nepremicnina/541134-prodaja-stanovanje-5-vec-sobno-ljubljana-center
541129,Ljubljana,Ljubljana,Vič-Rudnik,"4,5-sobno",4.5,157.7,,750000,4756,https://mojikvadrati.com/nepremicnina/541129-prodaja-stanovanje-4-5-sobno-ljubljana-vic-rudnik
541063,Ljubljana okolica,Medvode,Medvode,4-sobno,4,261.8,1998,410000,1566,https://mojikvadrati.com/nepremicnina/541063-prodaja-stanovanje-4-sobno-ljubljana-okolica-medvode
540964,Obalno - kraška,Piran,Portorož center,3-sobno,3,69.5,1971,378000,5439,https://mojikvadrati.com/nepremicnina/540964-prodaja-stanovanje-3-sobno-obalno-kraska-piran
540914,Podravska,Ptuj,Center,2-sobno,2,83.1,2028,271302,3265,https://mojikvadrati.com/nepremicnina/540914-prodaja-stanovanje-2-sobno-podravska-ptuj
540886,Ljubljana,Ljubljana,Bežigrad,"3,5-sobno",3.5,72.0,1963,339000,4708,https://mojikvadrati.com/nepremicnina/540886-prodaja-stanovanje-3-5-sobno-ljubljana-bezigrad
540843,Ljubljana,Ljubljana,Bežigrad,4-sobno,4,98.6,1966,790000,8012,https://mojikvadrati.com/nepremicnina/540843-prodaja-stanovanje-4-sobno-ljubljana-bezigrad
540837,Podravska,Ruše,Center,2-sobno,2,59.5,1977,114900,1931,https://mojikvadrati.com/nepremicnina/540837-prodaja-stanovanje-2-sobno-podravska-ruse
540819,Ljubljana,Ljubljana,Vič-Rudnik,2-sobno,2,64.0,1981,455000,7109,https://mojikvadrati.com/nepremicnina/540819-prodaja-stanovanje-2-sobno-ljubljana-vic-rudnik
540793,Obalno - kraška,Koper,Šmarje,1-sobno,1,45.0,2025,285000,6333,https://mojikvadrati.com/nepremicnina/540793-prodaja-stanovanje-1-sobno-obalno-kraska-koper
540789,Ljubljana,Ljubljana,Šiška,3-sobno,3,169.4,2009,450000,2656,https://mojikvadrati.com/nepremicnina/540789-prodaja-stanovanje-3-sobno-ljubljana-siska
540781,Podravska,Maribor,Center,Garsonjera,0.5,30.3,,135900,4485,https://mojikvadrati.com/nepremicnina/540781-prodaja-stanovanje-garsonjera-podravska-maribor
540769,Podravska,Maribor,Pobrežje,2-sobno,2,61.1,1977,169000,2766,https://mojikvadrati.com/nepremicnina/540769-prodaja-stanovanje-2-sobno-podravska-maribor
540729,Obalno - kraška,Koper,Koper,"3,5-sobno",3.5,147.2,,600000,4076,https://mojikvadrati.com/nepremicnina/540729-prodaja-stanovanje-3-5-sobno-obalno-kraska-koper
540728,Podravska,Rače - Fram,Fram,2-sobno,2,65.9,1905,129800,1970,https://mojikvadrati.com/nepremicnina/540728-prodaja-stanovanje-2-sobno-podravska-race-fram
540708,Gorenjska,Tržič,Križe,4-sobno,4,112.0,1918,249000,2223,https://mojikvadrati.com/nepremicnina/540708-prodaja-stanovanje-4-sobno-gorenjska-trzic
540706,Podravska,Maribor,Maribor,3-sobno,3,82.7,1983,339000,4099,https://mojikvadrati.com/nepremicnina/540706-prodaja-stanovanje-3-sobno-podravska-maribor
540685,Ljubljana,Ljubljana,Vič-Rudnik,4-sobno,4,102.1,2007,543000,5318,https://mojikvadrati.com/nepremicnina/540685-prodaja-stanovanje-4-sobno-ljubljana-vic-rudnik
540673,Ljubljana,Ljubljana,Vič-Rudnik,"2,5-sobno",2.5,75.6,1932,350000,4630,https://mojikvadrati.com/nepremicnina/540673-prodaja-stanovanje-2-5-sobno-ljubljana-vic-rudnik
540654,Ljubljana okolica,Domžale,Domžale,Garsonjera,0.5,20.8,,130000,6250,https://mojikvadrati.com/nepremicnina/540654-prodaja-stanovanje-garsonjera-ljubljana-okolica-domzale
540568,Savinjska,Celje,Center,2-sobno,2,49.0,1890,175000,3571,https://mojikvadrati.com/nepremicnina/540568-prodaja-stanovanje-2-sobno-savinjska-celje
540562,Ljubljana,Ljubljana,Bežigrad,2-sobno,2,67.9,1972,395000,5817,https://mojikvadrati.com/nepremicnina/540562-prodaja-stanovanje-2-sobno-ljubljana-bezigrad
540475,Gorenjska,Kranj,Center,4-sobno,4,122.0,2021,396000,3246,https://mojikvadrati.com/nepremicnina/540475-prodaja-stanovanje-4-sobno-gorenjska-kranj
540470,Spodnjeposavska,Brežice,Brežice,3-sobno,3,113.1,2024,360000,3183,https://mojikvadrati.com/nepremicnina/540470-prodaja-stanovanje-3-sobno-spodnjeposavska-brezice
540469,Gorenjska,Radovljica,Radovljica,3-sobno,3,73.1,1998,339000,4637,https://mojikvadrati.com/nepremicnina/540469-prodaja-stanovanje-3-sobno-gorenjska-radovljica
540455,Ljubljana okolica,Kamnik,Kamnik,4-sobno,4,107.7,1890,390000,3621,https://mojikvadrati.com/nepremicnina/540455-prodaja-stanovanje-4-sobno-ljubljana-okolica-kamnik
540417,Savinjska,Celje,Dečkovo naselje,2-sobno,2,63.7,1980,218000,3422,https://mojikvadrati.com/nepremicnina/540417-prodaja-stanovanje-2-sobno-savinjska-celje
540222,Obalno - kraška,Piran,Piran/Pirano,"1,5-sobno",1.5,27.6,1890,187000,6775,https://mojikvadrati.com/nepremicnina/540222-prodaja-stanovanje-1-5-sobno-obalno-kraska-piran
540210,Ljubljana,Ljubljana,Center,3-sobno,3,106.76,1876,902000,8449,https://mojikvadrati.com/nepremicnina/540210-prodaja-stanovanje-3-sobno-ljubljana-center
540209,Ljubljana,Ljubljana,Center,2-sobno,2,72.24,1876,728500,10084,https://mojikvadrati.com/nepremicnina/540209-prodaja-stanovanje-2-sobno-ljubljana-center
540206,Ljubljana,Ljubljana,Center,2-sobno,2,68.2,1876,630000,9238,https://mojikvadrati.com/nepremicnina/540206-prodaja-stanovanje-2-sobno-ljubljana-center
540191,Savinjska,Celje,Hudinja,3-sobno,3,59.0,1922,150000,2542,https://mojikvadrati.com/nepremicnina/540191-prodaja-stanovanje-3-sobno-savinjska-celje
540136,Podravska,Maribor,Center,3-sobno,3,112.73,1937,355000,3149,https://mojikvadrati.com/nepremicnina/540136-prodaja-stanovanje-3-sobno-podravska-maribor
540117,Podravska,Maribor,Tezno,1-sobno,1,50.8,2007,160000,3150,https://mojikvadrati.com/nepremicnina/540117-prodaja-stanovanje-1-sobno-podravska-maribor
540116,Obalno - kraška,Piran,Portorož center,3-sobno,3,94.4,1984,498000,5275,https://mojikvadrati.com/nepremicnina/540116-prodaja-stanovanje-3-sobno-obalno-kraska-piran
540108,Ljubljana,Ljubljana,Bežigrad,4-sobno,4,100.4,2011,590000,5876,https://mojikvadrati.com/nepremicnina/540108-prodaja-stanovanje-4-sobno-ljubljana-bezigrad
540075,Ljubljana,Ljubljana,Vič-Rudnik,Garsonjera,0.5,72.2,,295000,4086,https://mojikvadrati.com/nepremicnina/540075-prodaja-stanovanje-garsonjera-ljubljana-vic-rudnik
540072,Ljubljana okolica,Trzin,,3-sobno,3,127.5,1997,280000,2196,https://mojikvadrati.com/nepremicnina/540072-prodaja-stanovanje-3-sobno-ljubljana-okolica-trzin
540041,Notranjsko - kraška,Postojna,Postojna,3-sobno,3,66.5,1980,199000,2992,https://mojikvadrati.com/nepremicnina/540041-prodaja-stanovanje-3-sobno-notranjsko-kraska-postojna
540008,Goriška,Šempeter - Vrtojba,Šempeter pri Gorici,3-sobno,3,77.99,2029,301078,3860,https://mojikvadrati.com/nepremicnina/540008-prodaja-stanovanje-3-sobno-goriska-sempeter-vrtojba
539984,Ljubljana okolica,Grosuplje,Grosuplje,Garsonjera,0.5,30.9,,198000,6408,https://mojikvadrati.com/nepremicnina/539984-prodaja-stanovanje-garsonjera-ljubljana-okolica-grosuplje
539967,Podravska,Maribor,Spodnje Radvanje,3-sobno,3,76.1,1981,299000,3929,https://mojikvadrati.com/nepremicnina/539967-prodaja-stanovanje-3-sobno-podravska-maribor
539959,Obalno - kraška,Piran,Piran/Pirano,2-sobno,2,62.0,1700,289000,4661,https://mojikvadrati.com/nepremicnina/539959-prodaja-stanovanje-2-sobno-obalno-kraska-piran
539946,Ljubljana,Ljubljana,Šiška,4-sobno,4,132.65,2021,922000,6951,https://mojikvadrati.com/nepremicnina/539946-prodaja-stanovanje-4-sobno-ljubljana-siska
539937,Ljubljana,Ljubljana,Šiška,4-sobno,4,132.65,2021,922000,6951,https://mojikvadrati.com/nepremicnina/539937-prodaja-stanovanje-4-sobno-ljubljana-siska
539911,Savinjska,Velenje,Velenje,2-sobno,2,57.8,1978,210000,3633,https://mojikvadrati.com/nepremicnina/539911-prodaja-stanovanje-2-sobno-savinjska-velenje
539910,Ljubljana,Ljubljana,Moste-Polje,4-sobno,4,97.3,1903,360000,3700,https://mojikvadrati.com/nepremicnina/539910-prodaja-stanovanje-4-sobno-ljubljana-moste-polje
539908,Podravska,Maribor,Razvanje,3-sobno,3,143.5,2002,440000,3066,https://mojikvadrati.com/nepremicnina/539908-prodaja-stanovanje-3-sobno-podravska-maribor
539905,Obalno - kraška,Izola,Malija,3-sobno,3,203.9,2025,554000,2717,https://mojikvadrati.com/nepremicnina/539905-prodaja-stanovanje-3-sobno-obalno-kraska-izola
539904,Ljubljana,Ljubljana,Center,Garsonjera,0.5,38.6,,290000,7513,https://mojikvadrati.com/nepremicnina/539904-prodaja-stanovanje-garsonjera-ljubljana-center
539900,Ljubljana,Ljubljana,Center,4-sobno,4,222.8,1520,1450000,6508,https://mojikvadrati.com/nepremicnina/539900-prodaja-stanovanje-4-sobno-ljubljana-center
539873,Obalno - kraška,Izola,Malija,2-sobno,2,162.1,2025,424500,2619,https://mojikvadrati.com/nepremicnina/539873-prodaja-stanovanje-2-sobno-obalno-kraska-izola
539838,Podravska,Maribor,Tabor,4-sobno,4,95.0,1884,230000,2421,https://mojikvadrati.com/nepremicnina/539838-prodaja-stanovanje-4-sobno-podravska-maribor
539834,Podravska,Maribor,Košaki,"3,5-sobno",3.5,111.6,,274900,2463,https://mojikvadrati.com/nepremicnina/539834-prodaja-stanovanje-3-5-sobno-podravska-maribor
539832,Savinjska,Velenje,Velenje,5+ več sobno,5,147.0,,339000,2306,https://mojikvadrati.com/nepremicnina/539832-prodaja-stanovanje-5-vec-sobno-savinjska-velenje
539830,Podravska,Maribor,Pobrežje,"4,5-sobno",4.5,103.4,,320000,3095,https://mojikvadrati.com/nepremicnina/539830-prodaja-stanovanje-4-5-sobno-podravska-maribor
539810,Savinjska,Celje,Lava,1-sobno,1,43.1,1974,159000,3689,https://mojikvadrati.com/nepremicnina/539810-prodaja-stanovanje-1-sobno-savinjska-celje
539805,Ljubljana okolica,Kamnik,Duplica,2-sobno,2,50.2,2005,269000,5359,https://mojikvadrati.com/nepremicnina/539805-prodaja-stanovanje-2-sobno-ljubljana-okolica-kamnik
539800,Ljubljana,Ljubljana,Bežigrad,1-sobno,1,37.8,1969,239000,6323,https://mojikvadrati.com/nepremicnina/539800-prodaja-stanovanje-1-sobno-ljubljana-bezigrad
539779,Ljubljana,Ljubljana,Center,3-sobno,3,94.2,2012,759000,8057,https://mojikvadrati.com/nepremicnina/539779-prodaja-stanovanje-3-sobno-ljubljana-center
539759,Podravska,Maribor,Studenci,1-sobno,1,34.1,1965,138000,4047,https://mojikvadrati.com/nepremicnina/539759-prodaja-stanovanje-1-sobno-podravska-maribor
539758,Ljubljana,Ljubljana,Vič-Rudnik,1-sobno,1,44.32,2005,240000,5415,https://mojikvadrati.com/nepremicnina/539758-prodaja-stanovanje-1-sobno-ljubljana-vic-rudnik
539729,Gorenjska,Kranj,Kranj,4-sobno,4,107.0,2020,490000,4579,https://mojikvadrati.com/nepremicnina/539729-prodaja-stanovanje-4-sobno-gorenjska-kranj
539720,Obalno - kraška,Piran,Portorož,"2,5-sobno",2.5,81.4,1996,629000,7727,https://mojikvadrati.com/nepremicnina/539720-prodaja-stanovanje-2-5-sobno-obalno-kraska-piran
539715,Ljubljana,Ljubljana,Vič-Rudnik,4-sobno,4,186.0,2002,890000,4785,https://mojikvadrati.com/nepremicnina/539715-prodaja-stanovanje-4-sobno-ljubljana-vic-rudnik
539701,Ljubljana,Ljubljana,Center,"4,5-sobno",4.5,111.0,1937,498000,4486,https://mojikvadrati.com/nepremicnina/539701-prodaja-stanovanje-4-5-sobno-ljubljana-center
539678,Ljubljana,Ljubljana,Moste-Polje,4-sobno,4,147.5,2023,595000,4034,https://mojikvadrati.com/nepremicnina/539678-prodaja-stanovanje-4-sobno-ljubljana-moste-polje
539662,Savinjska,Velenje,Velenje,2-sobno,2,57.8,1978,210000,3633,https://mojikvadrati.com/nepremicnina/539662-prodaja-stanovanje-2-sobno-savinjska-velenje
539634,Obalno - kraška,Piran,Center,Garsonjera,0.5,18.0,1900,179000,9944,https://mojikvadrati.com/nepremicnina/539634-prodaja-stanovanje-garsonjera-obalno-kraska-piran
539628,Gorenjska,Kranj,Podreča,4-sobno,4,100.6,2026,448800,4461,https://mojikvadrati.com/nepremicnina/539628-prodaja-stanovanje-4-sobno-gorenjska-kranj
539626,Ljubljana,Ljubljana,Šiška,2-sobno,2,60.7,1963,330000,5437,https://mojikvadrati.com/nepremicnina/539626-prodaja-stanovanje-2-sobno-ljubljana-siska
539605,Podravska,Ruše,Center,1-sobno,1,35.2,1963,89900,2554,https://mojikvadrati.com/nepremicnina/539605-prodaja-stanovanje-1-sobno-podravska-ruse
539597,Obalno - kraška,Piran,Lucija center,3-sobno,3,62.5,1988,320000,5120,https://mojikvadrati.com/nepremicnina/539597-prodaja-stanovanje-3-sobno-obalno-kraska-piran
539589,Ljubljana,Ljubljana,Center,5+ več sobno,5,164.0,,980000,5976,https://mojikvadrati.com/nepremicnina/539589-prodaja-stanovanje-5-vec-sobno-ljubljana-center
539577,Savinjska,Štore,Štore,1-sobno,1,39.5,1880,110000,2785,https://mojikvadrati.com/nepremicnina/539577-prodaja-stanovanje-1-sobno-savinjska-store
539554,Gorenjska,Šenčur,Šenčur,3-sobno,3,118.7,1977,395000,3328,https://mojikvadrati.com/nepremicnina/539554-prodaja-stanovanje-3-sobno-gorenjska-sencur
539529,Podravska,Maribor,Melje,4-sobno,4,143.7,1954,200000,1392,https://mojikvadrati.com/nepremicnina/539529-prodaja-stanovanje-4-sobno-podravska-maribor
539500,Podravska,Šentilj,Zgornja velka,3-sobno,3,59.3,1966,119000,2007,https://mojikvadrati.com/nepremicnina/539500-prodaja-stanovanje-3-sobno-podravska-sentilj
539452,Ljubljana,Ljubljana,Moste-Polje,1-sobno,1,28.8,1960,213000,7396,https://mojikvadrati.com/nepremicnina/539452-prodaja-stanovanje-1-sobno-ljubljana-moste-polje
539436,Podravska,Maribor,Koroška vrata,3-sobno,3,80.3,2001,305000,3798,https://mojikvadrati.com/nepremicnina/539436-prodaja-stanovanje-3-sobno-podravska-maribor
539412,Ljubljana,Ljubljana,Šiška,4-sobno,4,205.3,2021,819000,3989,https://mojikvadrati.com/nepremicnina/539412-prodaja-stanovanje-4-sobno-ljubljana-siska
539398,Obalno - kraška,Piran,Lucija,"1,5-sobno",1.5,39.7,1976,249000,6272,https://mojikvadrati.com/nepremicnina/539398-prodaja-stanovanje-1-5-sobno-obalno-kraska-piran
539267,Podravska,Maribor,Pobrežje,4-sobno,4,221.5,2026,425000,1919,https://mojikvadrati.com/nepremicnina/539267-prodaja-stanovanje-4-sobno-podravska-maribor
539254,Ljubljana,Ljubljana,Šiška,"1,5-sobno",1.5,49.3,1960,269000,5456,https://mojikvadrati.com/nepremicnina/539254-prodaja-stanovanje-1-5-sobno-ljubljana-siska
539252,Podravska,Šentilj,Šentilj v Slovenskih Goricah,"4,5-sobno",4.5,154.79,,355757,2298,https://mojikvadrati.com/nepremicnina/539252-prodaja-stanovanje-4-5-sobno-podravska-sentilj
539251,Podravska,Šentilj,Šentilj v Slovenskih Goricah,4-sobno,4,136.14,2026,317020,2329,https://mojikvadrati.com/nepremicnina/539251-prodaja-stanovanje-4-sobno-podravska-sentilj
539249,Podravska,Šentilj,Šentilj v Slovenskih Goricah,"4,5-sobno",4.5,143.02,,334860,2341,https://mojikvadrati.com/nepremicnina/539249-prodaja-stanovanje-4-5-sobno-podravska-sentilj
539248,Podravska,Šentilj,Šentilj v Slovenskih Goricah,"4,5-sobno",4.5,152.91,,387338,2533,https://mojikvadrati.com/nepremicnina/539248-prodaja-stanovanje-4-5-sobno-podravska-sentilj
539247,Podravska,Maribor,Tabor,3-sobno,3,74.8,1980,217000,2901,https://mojikvadrati.com/nepremicnina/539247-prodaja-stanovanje-3-sobno-podravska-maribor
541041,Podravska,Maribor,Center,Garsonjera,0.5,31.2,,129500,4151,https://mojikvadrati.com/nepremicnina/541041-prodaja-stanovanje-garsonjera-podravska-maribor
539243,Obalno - kraška,Piran,Piran/Pirano,3-sobno,3,85.0,1800,499000,5871,https://mojikvadrati.com/nepremicnina/539243-prodaja-stanovanje-3-sobno-obalno-kraska-piran
539198,Podravska,Šentilj,Šentilj v Slovenskih Goricah,"4,5-sobno",4.5,155.79,,355756,2284,https://mojikvadrati.com/nepremicnina/539198-prodaja-stanovanje-4-5-sobno-podravska-sentilj
539197,Podravska,Šentilj,Šentilj v Slovenskih Goricah,4-sobno,4,136.14,2026,317019,2329,https://mojikvadrati.com/nepremicnina/539197-prodaja-stanovanje-4-sobno-podravska-sentilj
539195,Podravska,Šentilj,Šentilj v Slovenskih Goricah,"4,5-sobno",4.5,143.02,,334859,2341,https://mojikvadrati.com/nepremicnina/539195-prodaja-stanovanje-4-5-sobno-podravska-sentilj
539194,Podravska,Šentilj,Šentilj v Slovenskih Goricah,"4,5-sobno",4.5,152.91,,387337,2533,https://mojikvadrati.com/nepremicnina/539194-prodaja-stanovanje-4-5-sobno-podravska-sentilj
539184,Savinjska,Celje,Celje,3-sobno,3,95.8,1865,258000,2693,https://mojikvadrati.com/nepremicnina/539184-prodaja-stanovanje-3-sobno-savinjska-celje
539173,Notranjsko - kraška,Postojna,Postojna,2-sobno,2,55.3,2007,219000,3960,https://mojikvadrati.com/nepremicnina/539173-prodaja-stanovanje-2-sobno-notranjsko-kraska-postojna
539124,Podravska,Maribor,Košaki,3-sobno,3,78.2,2026,299000,3824,https://mojikvadrati.com/nepremicnina/539124-prodaja-stanovanje-3-sobno-podravska-maribor
539102,Obalno - kraška,Izola,Livade,3-sobno,3,58.9,1980,295000,5008,https://mojikvadrati.com/nepremicnina/539102-prodaja-stanovanje-3-sobno-obalno-kraska-izola
539087,Obalno - kraška,Piran,Center,2-sobno,2,33.3,1900,299000,8979,https://mojikvadrati.com/nepremicnina/539087-prodaja-stanovanje-2-sobno-obalno-kraska-piran
539082,Notranjsko - kraška,Postojna,Slavina,3-sobno,3,84.0,1906,180000,2143,https://mojikvadrati.com/nepremicnina/539082-prodaja-stanovanje-3-sobno-notranjsko-kraska-postojna
539079,Ljubljana,Ljubljana,Bežigrad,4-sobno,4,127.6,2003,428000,3354,https://mojikvadrati.com/nepremicnina/539079-prodaja-stanovanje-4-sobno-ljubljana-bezigrad
539073,Ljubljana,Ljubljana,Bežigrad,2-sobno,2,52.9,1990,328000,6200,https://mojikvadrati.com/nepremicnina/539073-prodaja-stanovanje-2-sobno-ljubljana-bezigrad
539001,Ljubljana,Ljubljana,Bežigrad,"2,5-sobno",2.5,60.23,,349000,5794,https://mojikvadrati.com/nepremicnina/539001-prodaja-stanovanje-2-5-sobno-ljubljana-bezigrad
538991,Gorenjska,Kranj,Center,2-sobno,2,50.7,1800,249990,4931,https://mojikvadrati.com/nepremicnina/538991-prodaja-stanovanje-2-sobno-gorenjska-kranj
538989,Goriška,Nova Gorica,Nova Gorica,5+ več sobno,5,239.62,,565000,2358,https://mojikvadrati.com/nepremicnina/538989-prodaja-stanovanje-5-vec-sobno-goriska-nova-gorica
538929,Ljubljana,Ljubljana,Center,3-sobno,3,113.8,1936,779000,6845,https://mojikvadrati.com/nepremicnina/538929-prodaja-stanovanje-3-sobno-ljubljana-center
538877,Obalno - kraška,Piran,Piran/Pirano,Garsonjera,0.5,20.0,1900,183000,9150,https://mojikvadrati.com/nepremicnina/538877-prodaja-stanovanje-garsonjera-obalno-kraska-piran
538868,Obalno - kraška,Piran,Piran/Pirano,3-sobno,3,75.5,1900,358000,4742,https://mojikvadrati.com/nepremicnina/538868-prodaja-stanovanje-3-sobno-obalno-kraska-piran
538867,Ljubljana okolica,Domžale,,1-sobno,1,43.7,1970,265000,6064,https://mojikvadrati.com/nepremicnina/538867-prodaja-stanovanje-1-sobno-ljubljana-okolica-domzale
538806,Ljubljana okolica,Litija,Litija,2-sobno,2,60.1,1926,140000,2329,https://mojikvadrati.com/nepremicnina/538806-prodaja-stanovanje-2-sobno-ljubljana-okolica-litija
538786,Podravska,Maribor,Studenci,3-sobno,3,79.0,2020,315000,3987,https://mojikvadrati.com/nepremicnina/538786-prodaja-stanovanje-3-sobno-podravska-maribor
538763,Podravska,Maribor,Maribor,2-sobno,2,65.3,1800,350000,5360,https://mojikvadrati.com/nepremicnina/538763-prodaja-stanovanje-2-sobno-podravska-maribor
538748,Obalno - kraška,Piran,,3-sobno,3,75.5,1900,369000,4887,https://mojikvadrati.com/nepremicnina/538748-prodaja-stanovanje-3-sobno-obalno-kraska-piran
538692,Obalno - kraška,Piran,Portorož center,"3,5-sobno",3.5,133.0,1960,950000,7143,https://mojikvadrati.com/nepremicnina/538692-prodaja-stanovanje-3-5-sobno-obalno-kraska-piran
538686,Obalno - kraška,Piran,Center,3-sobno,3,88.7,2003,390000,4397,https://mojikvadrati.com/nepremicnina/538686-prodaja-stanovanje-3-sobno-obalno-kraska-piran
538684,Goriška,Ajdovščina,Ajdovščina,3-sobno,3,79.0,2026,321060,4064,https://mojikvadrati.com/nepremicnina/538684-prodaja-stanovanje-3-sobno-goriska-ajdovscina
538631,Obalno - kraška,Izola,,3-sobno,3,64.8,1972,320000,4938,https://mojikvadrati.com/nepremicnina/538631-prodaja-stanovanje-3-sobno-obalno-kraska-izola
538630,Ljubljana,Ljubljana,Bežigrad,2-sobno,2,66.15,2026,410000,6198,https://mojikvadrati.com/nepremicnina/538630-prodaja-stanovanje-2-sobno-ljubljana-bezigrad
538629,Ljubljana,Ljubljana,Bežigrad,2-sobno,2,68.29,2026,430000,6297,https://mojikvadrati.com/nepremicnina/538629-prodaja-stanovanje-2-sobno-ljubljana-bezigrad
538626,Ljubljana,Ljubljana,Bežigrad,1-sobno,1,49.18,2026,355000,7218,https://mojikvadrati.com/nepremicnina/538626-prodaja-stanovanje-1-sobno-ljubljana-bezigrad
538573,Obalno - kraška,Piran,Piran/Pirano,3-sobno,3,94.0,1800,499000,5309,https://mojikvadrati.com/nepremicnina/538573-prodaja-stanovanje-3-sobno-obalno-kraska-piran
538563,Gorenjska,Škofja Loka,,3-sobno,3,100.8,1800,330000,3274,https://mojikvadrati.com/nepremicnina/538563-prodaja-stanovanje-3-sobno-gorenjska-skofja-loka
538500,Podravska,Rače - Fram,Fram,2-sobno,2,63.5,1905,85000,1339,https://mojikvadrati.com/nepremicnina/538500-prodaja-stanovanje-2-sobno-podravska-race-fram
538493,Obalno - kraška,Koper,Semedela,4-sobno,4,62.6,1964,350000,5591,https://mojikvadrati.com/nepremicnina/538493-prodaja-stanovanje-4-sobno-obalno-kraska-koper
538488,Podravska,Slovenska Bistrica,,4-sobno,4,104.8,2027,299900,2862,https://mojikvadrati.com/nepremicnina/538488-prodaja-stanovanje-4-sobno-podravska-slovenska-bistrica
538484,Podravska,Slovenska Bistrica,,4-sobno,4,104.7,2027,299900,2864,https://mojikvadrati.com/nepremicnina/538484-prodaja-stanovanje-4-sobno-podravska-slovenska-bistrica
538479,Podravska,Slovenska Bistrica,,4-sobno,4,106.0,2027,329900,3112,https://mojikvadrati.com/nepremicnina/538479-prodaja-stanovanje-4-sobno-podravska-slovenska-bistrica
538475,Podravska,Slovenska Bistrica,,3-sobno,3,92.3,2027,289900,3141,https://mojikvadrati.com/nepremicnina/538475-prodaja-stanovanje-3-sobno-podravska-slovenska-bistrica
538468,Ljubljana,Ljubljana,Center,4-sobno,4,160.0,1755,980000,6125,https://mojikvadrati.com/nepremicnina/538468-prodaja-stanovanje-4-sobno-ljubljana-center
538462,Podravska,Slovenska Bistrica,,3-sobno,3,92.3,2027,304900,3303,https://mojikvadrati.com/nepremicnina/538462-prodaja-stanovanje-3-sobno-podravska-slovenska-bistrica
538456,Obalno - kraška,Piran,Sečovlje,4-sobno,4,99.0,2026,370000,3737,https://mojikvadrati.com/nepremicnina/538456-prodaja-stanovanje-4-sobno-obalno-kraska-piran
538454,Obalno - kraška,Piran,Sečovlje,4-sobno,4,87.0,2026,380000,4368,https://mojikvadrati.com/nepremicnina/538454-prodaja-stanovanje-4-sobno-obalno-kraska-piran
538452,Obalno - kraška,Piran,Center,4-sobno,4,94.0,1800,499000,5309,https://mojikvadrati.com/nepremicnina/538452-prodaja-stanovanje-4-sobno-obalno-kraska-piran
538416,Podravska,Maribor,Center,"4,5-sobno",4.5,169.6,,460000,2712,https://mojikvadrati.com/nepremicnina/538416-prodaja-stanovanje-4-5-sobno-podravska-maribor
538415,Obalno - kraška,Koper,Koper,3-sobno,3,61.0,1960,260000,4262,https://mojikvadrati.com/nepremicnina/538415-prodaja-stanovanje-3-sobno-obalno-kraska-koper
538190,Savinjska,Štore,Štore,"2,5-sobno",2.5,68.5,1952,205000,2993,https://mojikvadrati.com/nepremicnina/538190-prodaja-stanovanje-2-5-sobno-savinjska-store
538173,Obalno - kraška,Koper,Koper,"2,5-sobno",2.5,49.6,1964,265000,5343,https://mojikvadrati.com/nepremicnina/538173-prodaja-stanovanje-2-5-sobno-obalno-kraska-koper
538156,Obalno - kraška,Piran,Center,Garsonjera,0.5,12.4,,118000,9516,https://mojikvadrati.com/nepremicnina/538156-prodaja-stanovanje-garsonjera-obalno-kraska-piran
538060,Savinjska,Zreče,Rogla,2-sobno,2,64.1,2003,215000,3354,https://mojikvadrati.com/nepremicnina/538060-prodaja-stanovanje-2-sobno-savinjska-zrece
538040,Pomurska,Dobrovnik,,3-sobno,3,130.0,1971,109500,842,https://mojikvadrati.com/nepremicnina/538040-prodaja-stanovanje-3-sobno-pomurska-dobrovnik
538036,Pomurska,Ljutomer,Ljutomer,3-sobno,3,65.5,2001,89900,1373,https://mojikvadrati.com/nepremicnina/538036-prodaja-stanovanje-3-sobno-pomurska-ljutomer
538023,Ljubljana,Ljubljana,Bežigrad,3-sobno,3,83.2,1937,539000,6478,https://mojikvadrati.com/nepremicnina/538023-prodaja-stanovanje-3-sobno-ljubljana-bezigrad
538012,Ljubljana,Ljubljana,Vič-Rudnik,2-sobno,2,64.4,2025,461900,7172,https://mojikvadrati.com/nepremicnina/538012-prodaja-stanovanje-2-sobno-ljubljana-vic-rudnik
537966,Gorenjska,Jesenice,Jesenice,3-sobno,3,74.6,1963,210000,2815,https://mojikvadrati.com/nepremicnina/537966-prodaja-stanovanje-3-sobno-gorenjska-jesenice
537948,Podravska,Maribor,Košaki,3-sobno,3,108.86,1860,179900,1653,https://mojikvadrati.com/nepremicnina/537948-prodaja-stanovanje-3-sobno-podravska-maribor
537942,Podravska,Maribor,Tabor,1-sobno,1,32.9,1800,105280,3200,https://mojikvadrati.com/nepremicnina/537942-prodaja-stanovanje-1-sobno-podravska-maribor
537937,Obalno - kraška,Izola,Korte,3-sobno,3,68.0,1980,320000,4706,https://mojikvadrati.com/nepremicnina/537937-prodaja-stanovanje-3-sobno-obalno-kraska-izola
537928,Obalno - kraška,Izola,Center,4-sobno,4,103.2,1890,548000,5310,https://mojikvadrati.com/nepremicnina/537928-prodaja-stanovanje-4-sobno-obalno-kraska-izola
537789,Obalno - kraška,Piran,Portorož center,3-sobno,3,121.0,1910,690000,5702,https://mojikvadrati.com/nepremicnina/537789-prodaja-stanovanje-3-sobno-obalno-kraska-piran
537787,Obalno - kraška,Piran,Portorož,3-sobno,3,78.0,2008,499000,6397,https://mojikvadrati.com/nepremicnina/537787-prodaja-stanovanje-3-sobno-obalno-kraska-piran
537754,Ljubljana,Ljubljana,Center,"2,5-sobno",2.5,85.8,1852,460000,5361,https://mojikvadrati.com/nepremicnina/537754-prodaja-stanovanje-2-5-sobno-ljubljana-center
537753,Ljubljana,Ljubljana,Moste-Polje,2-sobno,2,67.8,1870,335000,4941,https://mojikvadrati.com/nepremicnina/537753-prodaja-stanovanje-2-sobno-ljubljana-moste-polje
537747,Podravska,Maribor,Zgornje Radvanje,"3,5-sobno",3.5,143.5,,440000,3066,https://mojikvadrati.com/nepremicnina/537747-prodaja-stanovanje-3-5-sobno-podravska-maribor
537723,Podravska,Lenart,Lenart v Slovenskih Goricah,"1,5-sobno",1.5,61.5,2007,169000,2748,https://mojikvadrati.com/nepremicnina/537723-prodaja-stanovanje-1-5-sobno-podravska-lenart
537686,Ljubljana,Ljubljana,Šiška,4-sobno,4,127.1,2028,925000,7278,https://mojikvadrati.com/nepremicnina/537686-prodaja-stanovanje-4-sobno-ljubljana-siska
537684,Ljubljana,Ljubljana,Šiška,4-sobno,4,115.7,2028,849000,7338,https://mojikvadrati.com/nepremicnina/537684-prodaja-stanovanje-4-sobno-ljubljana-siska
537683,Ljubljana,Ljubljana,Šiška,4-sobno,4,116.1,2028,853000,7347,https://mojikvadrati.com/nepremicnina/537683-prodaja-stanovanje-4-sobno-ljubljana-siska
537682,Ljubljana,Ljubljana,Šiška,4-sobno,4,114.9,2028,846000,7363,https://mojikvadrati.com/nepremicnina/537682-prodaja-stanovanje-4-sobno-ljubljana-siska
537681,Ljubljana,Ljubljana,Šiška,4-sobno,4,124.2,2028,913000,7351,https://mojikvadrati.com/nepremicnina/537681-prodaja-stanovanje-4-sobno-ljubljana-siska
537679,Ljubljana,Ljubljana,Šiška,4-sobno,4,129.2,2028,933000,7221,https://mojikvadrati.com/nepremicnina/537679-prodaja-stanovanje-4-sobno-ljubljana-siska
537678,Ljubljana,Ljubljana,Šiška,4-sobno,4,125.9,2028,921000,7315,https://mojikvadrati.com/nepremicnina/537678-prodaja-stanovanje-4-sobno-ljubljana-siska
537676,Ljubljana,Ljubljana,Šiška,4-sobno,4,124.9,2028,915000,7326,https://mojikvadrati.com/nepremicnina/537676-prodaja-stanovanje-4-sobno-ljubljana-siska
537674,Ljubljana,Ljubljana,Šiška,4-sobno,4,115.4,2028,848000,7348,https://mojikvadrati.com/nepremicnina/537674-prodaja-stanovanje-4-sobno-ljubljana-siska
537673,Ljubljana,Ljubljana,Šiška,4-sobno,4,115.2,2028,863000,7491,https://mojikvadrati.com/nepremicnina/537673-prodaja-stanovanje-4-sobno-ljubljana-siska
537671,Ljubljana,Ljubljana,Šiška,4-sobno,4,124.3,2028,930000,7482,https://mojikvadrati.com/nepremicnina/537671-prodaja-stanovanje-4-sobno-ljubljana-siska
537670,Ljubljana,Ljubljana,Šiška,4-sobno,4,129.2,2028,950000,7353,https://mojikvadrati.com/nepremicnina/537670-prodaja-stanovanje-4-sobno-ljubljana-siska
537669,Ljubljana,Ljubljana,Šiška,4-sobno,4,277.4,2028,1087000,3919,https://mojikvadrati.com/nepremicnina/537669-prodaja-stanovanje-4-sobno-ljubljana-siska
537668,Ljubljana,Ljubljana,Šiška,4-sobno,4,303.7,2028,1195000,3935,https://mojikvadrati.com/nepremicnina/537668-prodaja-stanovanje-4-sobno-ljubljana-siska
537667,Ljubljana,Ljubljana,Šiška,4-sobno,4,296.2,2028,1180000,3984,https://mojikvadrati.com/nepremicnina/537667-prodaja-stanovanje-4-sobno-ljubljana-siska
537666,Ljubljana,Ljubljana,Šiška,4-sobno,4,243.3,2028,1049000,4312,https://mojikvadrati.com/nepremicnina/537666-prodaja-stanovanje-4-sobno-ljubljana-siska
537665,Ljubljana,Ljubljana,Šiška,3-sobno,3,237.6,2028,925000,3893,https://mojikvadrati.com/nepremicnina/537665-prodaja-stanovanje-3-sobno-ljubljana-siska
537664,Ljubljana,Ljubljana,Šiška,3-sobno,3,259.1,2028,950000,3667,https://mojikvadrati.com/nepremicnina/537664-prodaja-stanovanje-3-sobno-ljubljana-siska
537663,Ljubljana,Ljubljana,Šiška,3-sobno,3,186.0,2028,890000,4785,https://mojikvadrati.com/nepremicnina/537663-prodaja-stanovanje-3-sobno-ljubljana-siska
537662,Ljubljana,Ljubljana,Šiška,3-sobno,3,195.2,2028,837000,4288,https://mojikvadrati.com/nepremicnina/537662-prodaja-stanovanje-3-sobno-ljubljana-siska
537661,Ljubljana,Ljubljana,Šiška,3-sobno,3,235.3,2028,920000,3910,https://mojikvadrati.com/nepremicnina/537661-prodaja-stanovanje-3-sobno-ljubljana-siska
537660,Ljubljana,Ljubljana,Šiška,3-sobno,3,241.0,2028,918000,3809,https://mojikvadrati.com/nepremicnina/537660-prodaja-stanovanje-3-sobno-ljubljana-siska
537659,Ljubljana,Ljubljana,Šiška,3-sobno,3,237.0,2028,948000,4000,https://mojikvadrati.com/nepremicnina/537659-prodaja-stanovanje-3-sobno-ljubljana-siska
537658,Ljubljana,Ljubljana,Šiška,3-sobno,3,213.6,2028,918000,4298,https://mojikvadrati.com/nepremicnina/537658-prodaja-stanovanje-3-sobno-ljubljana-siska
537657,Ljubljana,Ljubljana,Šiška,3-sobno,3,192.0,2028,873000,4547,https://mojikvadrati.com/nepremicnina/537657-prodaja-stanovanje-3-sobno-ljubljana-siska
537656,Ljubljana,Ljubljana,Šiška,3-sobno,3,189.7,2028,870000,4586,https://mojikvadrati.com/nepremicnina/537656-prodaja-stanovanje-3-sobno-ljubljana-siska
537655,Ljubljana,Ljubljana,Šiška,3-sobno,3,231.3,2028,937000,4051,https://mojikvadrati.com/nepremicnina/537655-prodaja-stanovanje-3-sobno-ljubljana-siska
537654,Ljubljana,Ljubljana,Šiška,3-sobno,3,176.1,2028,856000,4861,https://mojikvadrati.com/nepremicnina/537654-prodaja-stanovanje-3-sobno-ljubljana-siska
537649,Ljubljana,Ljubljana,Šiška,3-sobno,3,177.9,2028,858000,4823,https://mojikvadrati.com/nepremicnina/537649-prodaja-stanovanje-3-sobno-ljubljana-siska
537648,Ljubljana,Ljubljana,Šiška,4-sobno,4,308.5,2028,1194000,3870,https://mojikvadrati.com/nepremicnina/537648-prodaja-stanovanje-4-sobno-ljubljana-siska
537588,Ljubljana,Ljubljana,Moste-Polje,1-sobno,1,42.2,1932,189000,4479,https://mojikvadrati.com/nepremicnina/537588-prodaja-stanovanje-1-sobno-ljubljana-moste-polje
537494,Ljubljana,Ljubljana,Vič-Rudnik,4-sobno,4,157.7,2026,725000,4597,https://mojikvadrati.com/nepremicnina/537494-prodaja-stanovanje-4-sobno-ljubljana-vic-rudnik
537489,Savinjska,Velenje,,3-sobno,3,87.0,1959,239000,2747,https://mojikvadrati.com/nepremicnina/537489-prodaja-stanovanje-3-sobno-savinjska-velenje
537456,Goriška,Ajdovščina,Ajdovščina,3-sobno,3,74.4,2004,250000,3360,https://mojikvadrati.com/nepremicnina/537456-prodaja-stanovanje-3-sobno-goriska-ajdovscina
537437,Obalno - kraška,Piran,Piran/Pirano,2-sobno,2,33.3,1900,299990,9009,https://mojikvadrati.com/nepremicnina/537437-prodaja-stanovanje-2-sobno-obalno-kraska-piran
537432,Ljubljana,Ljubljana,Vič-Rudnik,4-sobno,4,147.6,2009,649500,4400,https://mojikvadrati.com/nepremicnina/537432-prodaja-stanovanje-4-sobno-ljubljana-vic-rudnik
537413,Obalno - kraška,Koper,Koper,3-sobno,3,131.6,2023,640000,4863,https://mojikvadrati.com/nepremicnina/537413-prodaja-stanovanje-3-sobno-obalno-kraska-koper
537403,Ljubljana,Ljubljana,Šiška,3-sobno,3,175.0,1931,408000,2331,https://mojikvadrati.com/nepremicnina/537403-prodaja-stanovanje-3-sobno-ljubljana-siska
537392,Gorenjska,Bled,,3-sobno,3,63.6,1900,349000,5487,https://mojikvadrati.com/nepremicnina/537392-prodaja-stanovanje-3-sobno-gorenjska-bled
537388,Ljubljana,Ljubljana,Šiška,4-sobno,4,144.5,2025,1059000,7329,https://mojikvadrati.com/nepremicnina/537388-prodaja-stanovanje-4-sobno-ljubljana-siska
537385,Obalno - kraška,Izola,Izola,1-sobno,1,38.3,1995,349990,9138,https://mojikvadrati.com/nepremicnina/537385-prodaja-stanovanje-1-sobno-obalno-kraska-izola
537381,Obalno - kraška,Koper,Koper,3-sobno,3,64.8,1975,267000,4120,https://mojikvadrati.com/nepremicnina/537381-prodaja-stanovanje-3-sobno-obalno-kraska-koper
537368,Ljubljana,Ljubljana,Šiška,5+ več sobno,5,293.35,,1290000,4397,https://mojikvadrati.com/nepremicnina/537368-prodaja-stanovanje-5-vec-sobno-ljubljana-siska
537350,Ljubljana,Ljubljana,Vič-Rudnik,2-sobno,2,63.2,1940,300000,4747,https://mojikvadrati.com/nepremicnina/537350-prodaja-stanovanje-2-sobno-ljubljana-vic-rudnik
537331,Ljubljana okolica,Kamnik,Kamnik,3-sobno,3,136.5,2028,505500,3703,https://mojikvadrati.com/nepremicnina/537331-prodaja-stanovanje-3-sobno-ljubljana-okolica-kamnik
537299,Ljubljana,Ljubljana,Vič-Rudnik,"2,5-sobno",2.5,74.5,1981,499000,6698,https://mojikvadrati.com/nepremicnina/537299-prodaja-stanovanje-2-5-sobno-ljubljana-vic-rudnik
537288,Ljubljana,Ljubljana,Center,1-sobno,1,39.0,1900,250000,6410,https://mojikvadrati.com/nepremicnina/537288-prodaja-stanovanje-1-sobno-ljubljana-center
537260,Obalno - kraška,Koper,Prisoje,3-sobno,3,57.2,1981,259000,4528,https://mojikvadrati.com/nepremicnina/537260-prodaja-stanovanje-3-sobno-obalno-kraska-koper
537141,Pomurska,Turnišče,,"2,5-sobno",2.5,61.5,2026,193195,3141,https://mojikvadrati.com/nepremicnina/537141-prodaja-stanovanje-2-5-sobno-pomurska-turnisce
537127,Pomurska,Turnišče,,"2,5-sobno",2.5,61.5,2026,216795,3525,https://mojikvadrati.com/nepremicnina/537127-prodaja-stanovanje-2-5-sobno-pomurska-turnisce
537113,Obalno - kraška,Piran,Portorož,3-sobno,3,78.2,2008,750000,9591,https://mojikvadrati.com/nepremicnina/537113-prodaja-stanovanje-3-sobno-obalno-kraska-piran
537100,Pomurska,Turnišče,,"3,5-sobno",3.5,91.6,2026,290830,3175,https://mojikvadrati.com/nepremicnina/537100-prodaja-stanovanje-3-5-sobno-pomurska-turnisce
537061,Ljubljana,Ljubljana,Vič-Rudnik,4-sobno,4,238.5,2011,1160000,4864,https://mojikvadrati.com/nepremicnina/537061-prodaja-stanovanje-4-sobno-ljubljana-vic-rudnik
537044,Ljubljana,Ljubljana,Vič-Rudnik,3-sobno,3,67.5,2026,528471,7829,https://mojikvadrati.com/nepremicnina/537044-prodaja-stanovanje-3-sobno-ljubljana-vic-rudnik
537038,Ljubljana,Ljubljana,Center,5+ več sobno,5,165.0,,619000,3752,https://mojikvadrati.com/nepremicnina/537038-prodaja-stanovanje-5-vec-sobno-ljubljana-center
537036,Ljubljana,Ljubljana,Center,2-sobno,2,68.2,1876,661500,9699,https://mojikvadrati.com/nepremicnina/537036-prodaja-stanovanje-2-sobno-ljubljana-center
537013,Ljubljana,Ljubljana,Šiška,3-sobno,3,87.5,1840,368000,4206,https://mojikvadrati.com/nepremicnina/537013-prodaja-stanovanje-3-sobno-ljubljana-siska
536994,Ljubljana,Ljubljana,Center,2-sobno,2,133.9,1800,1988888,14854,https://mojikvadrati.com/nepremicnina/536994-prodaja-stanovanje-2-sobno-ljubljana-center
536954,Pomurska,Turnišče,,"3,5-sobno",3.5,90.2,2026,303935,3370,https://mojikvadrati.com/nepremicnina/536954-prodaja-stanovanje-3-5-sobno-pomurska-turnisce
536831,Goriška,Šempeter - Vrtojba,Šempeter pri Gorici,2-sobno,2,84.52,2029,270442,3200,https://mojikvadrati.com/nepremicnina/536831-prodaja-stanovanje-2-sobno-goriska-sempeter-vrtojba
536827,Obalno - kraška,Koper,Markovec,2-sobno,2,61.9,1980,319000,5153,https://mojikvadrati.com/nepremicnina/536827-prodaja-stanovanje-2-sobno-obalno-kraska-koper
536791,Gorenjska,Kranj,Center,3-sobno,3,105.0,2007,420000,4000,https://mojikvadrati.com/nepremicnina/536791-prodaja-stanovanje-3-sobno-gorenjska-kranj
536792,Savinjska,Štore,Štore,4-sobno,4,73.4,1880,150000,2044,https://mojikvadrati.com/nepremicnina/536792-prodaja-stanovanje-4-sobno-savinjska-store
536761,Ljubljana,Ljubljana,Center,2-sobno,2,71.44,1876,764925,10707,https://mojikvadrati.com/nepremicnina/536761-prodaja-stanovanje-2-sobno-ljubljana-center
536731,Ljubljana,Ljubljana,Center,3-sobno,3,103.87,1876,947100,9118,https://mojikvadrati.com/nepremicnina/536731-prodaja-stanovanje-3-sobno-ljubljana-center
536729,Ljubljana,Ljubljana,Center,5+ več sobno,5,134.67,,1488375,11052,https://mojikvadrati.com/nepremicnina/536729-prodaja-stanovanje-5-vec-sobno-ljubljana-center
536724,Ljubljana,Ljubljana,Vič-Rudnik,Garsonjera,0.5,78.9,,358000,4537,https://mojikvadrati.com/nepremicnina/536724-prodaja-stanovanje-garsonjera-ljubljana-vic-rudnik
536711,Ljubljana,Ljubljana,Moste-Polje,2-sobno,2,54.1,1899,267000,4935,https://mojikvadrati.com/nepremicnina/536711-prodaja-stanovanje-2-sobno-ljubljana-moste-polje
536647,Goriška,Šempeter - Vrtojba,Šempeter pri Gorici,3-sobno,3,78.48,2029,296254,3775,https://mojikvadrati.com/nepremicnina/536647-prodaja-stanovanje-3-sobno-goriska-sempeter-vrtojba
536645,Goriška,Šempeter - Vrtojba,Šempeter pri Gorici,2-sobno,2,49.41,2029,198310,4014,https://mojikvadrati.com/nepremicnina/536645-prodaja-stanovanje-2-sobno-goriska-sempeter-vrtojba
536607,Gorenjska,Šenčur,Šenčur,2-sobno,2,56.6,1991,234000,4134,https://mojikvadrati.com/nepremicnina/536607-prodaja-stanovanje-2-sobno-gorenjska-sencur
536483,Savinjska,Celje,Celje,3-sobno,3,76.3,1700,197000,2582,https://mojikvadrati.com/nepremicnina/536483-prodaja-stanovanje-3-sobno-savinjska-celje
536371,Ljubljana,Ljubljana,Šiška,4-sobno,4,139.6,2004,650000,4656,https://mojikvadrati.com/nepremicnina/536371-prodaja-stanovanje-4-sobno-ljubljana-siska
536354,Gorenjska,Kranjska Gora,Gozd Martuljek,4-sobno,4,173.9,1975,410000,2358,https://mojikvadrati.com/nepremicnina/536354-prodaja-stanovanje-4-sobno-gorenjska-kranjska-gora
535834,Ljubljana,Ljubljana,Šiška,2-sobno,2,62.7,1977,333000,5311,https://mojikvadrati.com/nepremicnina/535834-prodaja-stanovanje-2-sobno-ljubljana-siska
535794,Gorenjska,Bled,Bled,2-sobno,2,59.3,1974,250000,4216,https://mojikvadrati.com/nepremicnina/535794-prodaja-stanovanje-2-sobno-gorenjska-bled
535755,Savinjska,Vojnik,Vojnik,2-sobno,2,78.3,2026,227000,2899,https://mojikvadrati.com/nepremicnina/535755-prodaja-stanovanje-2-sobno-savinjska-vojnik
535725,Podravska,Maribor,Nova vas,4-sobno,4,92.1,1984,199900,2170,https://mojikvadrati.com/nepremicnina/535725-prodaja-stanovanje-4-sobno-podravska-maribor
535721,Goriška,Ajdovščina,Ajdovščina,4-sobno,4,102.0,2026,392560,3849,https://mojikvadrati.com/nepremicnina/535721-prodaja-stanovanje-4-sobno-goriska-ajdovscina
535673,Goriška,Ajdovščina,Ajdovščina,3-sobno,3,93.8,2026,353460,3768,https://mojikvadrati.com/nepremicnina/535673-prodaja-stanovanje-3-sobno-goriska-ajdovscina
535479,Pomurska,Ljutomer,Ljutomer,3-sobno,3,88.12,2027,361339,4101,https://mojikvadrati.com/nepremicnina/535479-prodaja-stanovanje-3-sobno-pomurska-ljutomer
535478,Pomurska,Ljutomer,Ljutomer,"2,5-sobno",2.5,74.83,,295639,3951,https://mojikvadrati.com/nepremicnina/535478-prodaja-stanovanje-2-5-sobno-pomurska-ljutomer
535477,Pomurska,Ljutomer,Ljutomer,3-sobno,3,146.41,2027,580339,3964,https://mojikvadrati.com/nepremicnina/535477-prodaja-stanovanje-3-sobno-pomurska-ljutomer
535476,Pomurska,Ljutomer,Ljutomer,3-sobno,3,88.78,2027,355864,4008,https://mojikvadrati.com/nepremicnina/535476-prodaja-stanovanje-3-sobno-pomurska-ljutomer
535475,Pomurska,Ljutomer,Ljutomer,"2,5-sobno",2.5,75.51,,295639,3915,https://mojikvadrati.com/nepremicnina/535475-prodaja-stanovanje-2-5-sobno-pomurska-ljutomer
535474,Pomurska,Ljutomer,Ljutomer,"2,5-sobno",2.5,73.33,,317539,4330,https://mojikvadrati.com/nepremicnina/535474-prodaja-stanovanje-2-5-sobno-pomurska-ljutomer
535473,Pomurska,Ljutomer,Ljutomer,"2,5-sobno",2.5,69.37,,284689,4104,https://mojikvadrati.com/nepremicnina/535473-prodaja-stanovanje-2-5-sobno-pomurska-ljutomer
535472,Pomurska,Ljutomer,Ljutomer,"2,5-sobno",2.5,74.83,,284689,3804,https://mojikvadrati.com/nepremicnina/535472-prodaja-stanovanje-2-5-sobno-pomurska-ljutomer
535471,Pomurska,Ljutomer,Ljutomer,"2,5-sobno",2.5,76.58,,295639,3861,https://mojikvadrati.com/nepremicnina/535471-prodaja-stanovanje-2-5-sobno-pomurska-ljutomer
535470,Pomurska,Ljutomer,Ljutomer,"2,5-sobno",2.5,70.1,2027,284689,4061,https://mojikvadrati.com/nepremicnina/535470-prodaja-stanovanje-2-5-sobno-pomurska-ljutomer
535469,Pomurska,Ljutomer,Ljutomer,"2,5-sobno",2.5,75.51,,284689,3770,https://mojikvadrati.com/nepremicnina/535469-prodaja-stanovanje-2-5-sobno-pomurska-ljutomer
535468,Pomurska,Ljutomer,Ljutomer,"2,5-sobno",2.5,73.53,,317539,4318,https://mojikvadrati.com/nepremicnina/535468-prodaja-stanovanje-2-5-sobno-pomurska-ljutomer
535467,Pomurska,Ljutomer,Ljutomer,"2,5-sobno",2.5,69.37,,284689,4104,https://mojikvadrati.com/nepremicnina/535467-prodaja-stanovanje-2-5-sobno-pomurska-ljutomer
535466,Pomurska,Ljutomer,Ljutomer,"2,5-sobno",2.5,74.83,,284689,3804,https://mojikvadrati.com/nepremicnina/535466-prodaja-stanovanje-2-5-sobno-pomurska-ljutomer
535465,Pomurska,Ljutomer,Ljutomer,"2,5-sobno",2.5,76.58,,295639,3861,https://mojikvadrati.com/nepremicnina/535465-prodaja-stanovanje-2-5-sobno-pomurska-ljutomer
535464,Savinjska,Celje,Celje,"2,5-sobno",2.5,83.0,1865,295000,3554,https://mojikvadrati.com/nepremicnina/535464-prodaja-stanovanje-2-5-sobno-savinjska-celje
535443,Podravska,Starše,Zlatoličje,3-sobno,3,81.01,2028,265900,3282,https://mojikvadrati.com/nepremicnina/535443-prodaja-stanovanje-3-sobno-podravska-starse
535442,Ljubljana,Ljubljana,Bežigrad,4-sobno,4,168.1,2003,745000,4432,https://mojikvadrati.com/nepremicnina/535442-prodaja-stanovanje-4-sobno-ljubljana-bezigrad
535404,Ljubljana okolica,Medvode,Medvode,1-sobno,1,34.0,1890,135000,3971,https://mojikvadrati.com/nepremicnina/535404-prodaja-stanovanje-1-sobno-ljubljana-okolica-medvode
535363,Pomurska,Ljutomer,Ljutomer,"2,5-sobno",2.5,70.1,2027,284689,4061,https://mojikvadrati.com/nepremicnina/535363-prodaja-stanovanje-2-5-sobno-pomurska-ljutomer
535362,Pomurska,Ljutomer,Ljutomer,"2,5-sobno",2.5,75.51,,284689,3770,https://mojikvadrati.com/nepremicnina/535362-prodaja-stanovanje-2-5-sobno-pomurska-ljutomer
535361,Pomurska,Ljutomer,Ljutomer,3-sobno,3,84.41,2027,328489,3892,https://mojikvadrati.com/nepremicnina/535361-prodaja-stanovanje-3-sobno-pomurska-ljutomer
535360,Pomurska,Ljutomer,Ljutomer,"2,5-sobno",2.5,152.24,,317539,2086,https://mojikvadrati.com/nepremicnina/535360-prodaja-stanovanje-2-5-sobno-pomurska-ljutomer
535359,Ljubljana okolica,Horjul,Horjul,"2,5-sobno",2.5,118.0,1905,240000,2034,https://mojikvadrati.com/nepremicnina/535359-prodaja-stanovanje-2-5-sobno-ljubljana-okolica-horjul
535357,Pomurska,Ljutomer,Ljutomer,"2,5-sobno",2.5,172.03,,312064,1814,https://mojikvadrati.com/nepremicnina/535357-prodaja-stanovanje-2-5-sobno-pomurska-ljutomer
535355,Pomurska,Ljutomer,Ljutomer,2-sobno,2,84.49,2027,240889,2851,https://mojikvadrati.com/nepremicnina/535355-prodaja-stanovanje-2-sobno-pomurska-ljutomer
535352,Pomurska,Ljutomer,Ljutomer,2-sobno,2,85.21,2027,240889,2827,https://mojikvadrati.com/nepremicnina/535352-prodaja-stanovanje-2-sobno-pomurska-ljutomer
535349,Pomurska,Ljutomer,Ljutomer,3-sobno,3,150.15,2027,344914,2297,https://mojikvadrati.com/nepremicnina/535349-prodaja-stanovanje-3-sobno-pomurska-ljutomer
535335,Ljubljana okolica,Horjul,Horjul,3-sobno,3,102.0,1905,225000,2206,https://mojikvadrati.com/nepremicnina/535335-prodaja-stanovanje-3-sobno-ljubljana-okolica-horjul
535312,Pomurska,Beltinci,Gančani,5+ več sobno,5,240.0,,48000,200,https://mojikvadrati.com/nepremicnina/535312-prodaja-stanovanje-5-vec-sobno-pomurska-beltinci
535290,Ljubljana,Ljubljana,Vič-Rudnik,3-sobno,3,71.5,1978,275000,3846,https://mojikvadrati.com/nepremicnina/535290-prodaja-stanovanje-3-sobno-ljubljana-vic-rudnik
535288,Obalno - kraška,Piran,Center,1-sobno,1,33.4,1800,238000,7126,https://mojikvadrati.com/nepremicnina/535288-prodaja-stanovanje-1-sobno-obalno-kraska-piran
535282,Koroška,Slovenj Gradec,Slovenj Gradec,2-sobno,2,54.1,1890,149000,2754,https://mojikvadrati.com/nepremicnina/535282-prodaja-stanovanje-2-sobno-koroska-slovenj-gradec
535270,Ljubljana,Ljubljana,Center,3-sobno,3,92.6,1962,458000,4946,https://mojikvadrati.com/nepremicnina/535270-prodaja-stanovanje-3-sobno-ljubljana-center
535245,Podravska,Maribor,Tabor,Garsonjera,0.5,26.0,1875,120000,4615,https://mojikvadrati.com/nepremicnina/535245-prodaja-stanovanje-garsonjera-podravska-maribor
535243,Podravska,Ptuj,Center,3-sobno,3,84.8,2028,235743,2780,https://mojikvadrati.com/nepremicnina/535243-prodaja-stanovanje-3-sobno-podravska-ptuj
535221,Ljubljana,Ljubljana,Šiška,2-sobno,2,55.3,1960,299000,5407,https://mojikvadrati.com/nepremicnina/535221-prodaja-stanovanje-2-sobno-ljubljana-siska
535192,Ljubljana okolica,Kamnik,Kamnik,3-sobno,3,122.1,2028,447000,3661,https://mojikvadrati.com/nepremicnina/535192-prodaja-stanovanje-3-sobno-ljubljana-okolica-kamnik
535190,Goriška,Ajdovščina,Ajdovščina,4-sobno,4,104.6,2026,391760,3745,https://mojikvadrati.com/nepremicnina/535190-prodaja-stanovanje-4-sobno-goriska-ajdovscina
541035,Podravska,Slovenska Bistrica,Šmartno na Pohorju,2-sobno,2,58.7,1947,124900,2128,https://mojikvadrati.com/nepremicnina/541035-prodaja-stanovanje-2-sobno-podravska-slovenska-bistrica
534164,Notranjsko - kraška,Pivka,Dolnja Košana,2-sobno,2,77.1,1950,149000,1933,https://mojikvadrati.com/nepremicnina/534164-prodaja-stanovanje-2-sobno-notranjsko-kraska-pivka
533997,Podravska,Ptuj,Center,3-sobno,3,84.8,2028,235743,2780,https://mojikvadrati.com/nepremicnina/533997-prodaja-stanovanje-3-sobno-podravska-ptuj
533344,Gorenjska,Jesenice,Jesenice,Garsonjera,0.5,26.4,,85000,3220,https://mojikvadrati.com/nepremicnina/533344-prodaja-stanovanje-garsonjera-gorenjska-jesenice
532624,Obalno - kraška,Piran,Portorož center,3-sobno,3,205.19,2026,1899825,9259,https://mojikvadrati.com/nepremicnina/532624-prodaja-stanovanje-3-sobno-obalno-kraska-piran
532622,Obalno - kraška,Piran,Portorož center,3-sobno,3,248.25,2026,1801275,7256,https://mojikvadrati.com/nepremicnina/532622-prodaja-stanovanje-3-sobno-obalno-kraska-piran
541034,Podravska,Rače - Fram,Fram,3-sobno,3,71.9,1905,149500,2079,https://mojikvadrati.com/nepremicnina/541034-prodaja-stanovanje-3-sobno-podravska-race-fram
532604,Ljubljana okolica,Litija,Nova Gora,2-sobno,2,63.4,1982,125000,1972,https://mojikvadrati.com/nepremicnina/532604-prodaja-stanovanje-2-sobno-ljubljana-okolica-litija
532603,Obalno - kraška,Piran,Portorož center,4-sobno,4,218.39,2026,1700000,7784,https://mojikvadrati.com/nepremicnina/532603-prodaja-stanovanje-4-sobno-obalno-kraska-piran
532599,Ljubljana,Ljubljana,Center,Garsonjera,0.5,31.6,,229000,7247,https://mojikvadrati.com/nepremicnina/532599-prodaja-stanovanje-garsonjera-ljubljana-center
532310,Pomurska,Gornja Radgona,Gornja Radgona,3-sobno,3,157.0,1963,89900,573,https://mojikvadrati.com/nepremicnina/532310-prodaja-stanovanje-3-sobno-pomurska-gornja-radgona
532284,Gorenjska,Kranj,Kranj,2-sobno,2,153.0,2026,339669,2220,https://mojikvadrati.com/nepremicnina/532284-prodaja-stanovanje-2-sobno-gorenjska-kranj
532282,Ljubljana okolica,Kamnik,Kamnik,4-sobno,4,118.7,2028,520000,4381,https://mojikvadrati.com/nepremicnina/532282-prodaja-stanovanje-4-sobno-ljubljana-okolica-kamnik
532270,Podravska,Slovenska Bistrica,Slovenska Bistrica,3-sobno,3,76.0,2010,169000,2224,https://mojikvadrati.com/nepremicnina/532270-prodaja-stanovanje-3-sobno-podravska-slovenska-bistrica
532265,Obalno - kraška,Piran,Piran/Pirano,3-sobno,3,75.5,1900,358000,4742,https://mojikvadrati.com/nepremicnina/532265-prodaja-stanovanje-3-sobno-obalno-kraska-piran
532256,Savinjska,Vojnik,Vojnik,"2,5-sobno",2.5,71.6,2026,227400,3176,https://mojikvadrati.com/nepremicnina/532256-prodaja-stanovanje-2-5-sobno-savinjska-vojnik
532208,Podravska,Maribor,Zgornje Radvanje,4-sobno,4,113.9,2003,360000,3161,https://mojikvadrati.com/nepremicnina/532208-prodaja-stanovanje-4-sobno-podravska-maribor
532201,Gorenjska,Kranj,Kokrica,2-sobno,2,43.5,1900,184000,4230,https://mojikvadrati.com/nepremicnina/532201-prodaja-stanovanje-2-sobno-gorenjska-kranj
532196,Ljubljana,Ljubljana,Vič-Rudnik,4-sobno,4,123.51,2026,569000,4607,https://mojikvadrati.com/nepremicnina/532196-prodaja-stanovanje-4-sobno-ljubljana-vic-rudnik
532159,Obalno - kraška,Izola,Malija,"2,5-sobno",2.5,63.0,1982,321300,5100,https://mojikvadrati.com/nepremicnina/532159-prodaja-stanovanje-2-5-sobno-obalno-kraska-izola
532157,Obalno - kraška,Izola,Malija,4-sobno,4,137.7,1982,656800,4770,https://mojikvadrati.com/nepremicnina/532157-prodaja-stanovanje-4-sobno-obalno-kraska-izola
532150,Obalno - kraška,Izola,Malija,3-sobno,3,113.5,1982,603300,5315,https://mojikvadrati.com/nepremicnina/532150-prodaja-stanovanje-3-sobno-obalno-kraska-izola
532112,Ljubljana,Ljubljana,Bežigrad,3-sobno,3,75.1,2016,529000,7044,https://mojikvadrati.com/nepremicnina/532112-prodaja-stanovanje-3-sobno-ljubljana-bezigrad
532098,Ljubljana okolica,Kamnik,Kamnik,3-sobno,3,118.6,2028,485500,4094,https://mojikvadrati.com/nepremicnina/532098-prodaja-stanovanje-3-sobno-ljubljana-okolica-kamnik
532089,Podravska,Starše,Zlatoličje,3-sobno,3,92.23,2028,249900,2710,https://mojikvadrati.com/nepremicnina/532089-prodaja-stanovanje-3-sobno-podravska-starse
532087,Podravska,Starše,Zlatoličje,4-sobno,4,126.31,2028,299000,2367,https://mojikvadrati.com/nepremicnina/532087-prodaja-stanovanje-4-sobno-podravska-starse
532086,Podravska,Starše,Zlatoličje,2-sobno,2,46.62,2028,154900,3323,https://mojikvadrati.com/nepremicnina/532086-prodaja-stanovanje-2-sobno-podravska-starse
532081,Podravska,Starše,Zlatoličje,4-sobno,4,126.31,2028,299000,2367,https://mojikvadrati.com/nepremicnina/532081-prodaja-stanovanje-4-sobno-podravska-starse
532080,Podravska,Starše,Zlatoličje,3-sobno,3,92.23,2028,249900,2710,https://mojikvadrati.com/nepremicnina/532080-prodaja-stanovanje-3-sobno-podravska-starse
531983,Ljubljana,Ljubljana,Center,1-sobno,1,31.6,1896,229900,7275,https://mojikvadrati.com/nepremicnina/531983-prodaja-stanovanje-1-sobno-ljubljana-center
531929,Gorenjska,Škofja Loka,,3-sobno,3,55.0,1995,244990,4454,https://mojikvadrati.com/nepremicnina/531929-prodaja-stanovanje-3-sobno-gorenjska-skofja-loka
531895,Savinjska,Celje,Celje,"1,5-sobno",1.5,55.8,1800,155000,2778,https://mojikvadrati.com/nepremicnina/531895-prodaja-stanovanje-1-5-sobno-savinjska-celje
531893,Podravska,Starše,Zlatoličje,2-sobno,2,46.62,2028,154900,3323,https://mojikvadrati.com/nepremicnina/531893-prodaja-stanovanje-2-sobno-podravska-starse
531863,Podravska,Maribor,Tabor,2-sobno,2,77.1,1940,179000,2322,https://mojikvadrati.com/nepremicnina/531863-prodaja-stanovanje-2-sobno-podravska-maribor
531854,Obalno - kraška,Piran,Lucija,2-sobno,2,62.0,1976,310000,5000,https://mojikvadrati.com/nepremicnina/531854-prodaja-stanovanje-2-sobno-obalno-kraska-piran
531822,Gorenjska,Kranj,Planina II,2-sobno,2,69.2,1981,279000,4032,https://mojikvadrati.com/nepremicnina/531822-prodaja-stanovanje-2-sobno-gorenjska-kranj
531749,Ljubljana,Ljubljana,Šiška,"4,5-sobno",4.5,115.2,,849000,7370,https://mojikvadrati.com/nepremicnina/531749-prodaja-stanovanje-4-5-sobno-ljubljana-siska
531745,Goriška,Ajdovščina,Ajdovščina,4-sobno,4,153.0,2026,478660,3128,https://mojikvadrati.com/nepremicnina/531745-prodaja-stanovanje-4-sobno-goriska-ajdovscina
531695,Ljubljana,Ljubljana,Bežigrad,3-sobno,3,98.1,1984,474000,4832,https://mojikvadrati.com/nepremicnina/531695-prodaja-stanovanje-3-sobno-ljubljana-bezigrad
531669,Ljubljana,Ljubljana,Bežigrad,3-sobno,3,73.0,1968,359000,4918,https://mojikvadrati.com/nepremicnina/531669-prodaja-stanovanje-3-sobno-ljubljana-bezigrad
531543,Ljubljana okolica,Brezovica,Brezovica pri Ljubljani,2-sobno,2,36.7,1979,175000,4768,https://mojikvadrati.com/nepremicnina/531543-prodaja-stanovanje-2-sobno-ljubljana-okolica-brezovica
531438,Podravska,Maribor,Zgornje Radvanje,4-sobno,4,113.9,2003,360000,3161,https://mojikvadrati.com/nepremicnina/531438-prodaja-stanovanje-4-sobno-podravska-maribor
531425,Gorenjska,Kranj,Golnik,2-sobno,2,54.8,1990,165800,3026,https://mojikvadrati.com/nepremicnina/531425-prodaja-stanovanje-2-sobno-gorenjska-kranj
531300,Ljubljana,Ljubljana,Vič-Rudnik,"2,5-sobno",2.5,110.0,2003,615000,5591,https://mojikvadrati.com/nepremicnina/531300-prodaja-stanovanje-2-5-sobno-ljubljana-vic-rudnik
531253,Obalno - kraška,Sežana,Okolica,3-sobno,3,131.0,1800,379000,2893,https://mojikvadrati.com/nepremicnina/531253-prodaja-stanovanje-3-sobno-obalno-kraska-sezana
531251,Obalno - kraška,Sežana,Okolica,3-sobno,3,86.3,1800,349000,4044,https://mojikvadrati.com/nepremicnina/531251-prodaja-stanovanje-3-sobno-obalno-kraska-sezana
531250,Obalno - kraška,Sežana,Okolica,3-sobno,3,135.28,1800,479000,3541,https://mojikvadrati.com/nepremicnina/531250-prodaja-stanovanje-3-sobno-obalno-kraska-sezana
531249,Obalno - kraška,Sežana,Okolica,4-sobno,4,175.0,1800,429000,2451,https://mojikvadrati.com/nepremicnina/531249-prodaja-stanovanje-4-sobno-obalno-kraska-sezana
531248,Podravska,Maribor,Center,4-sobno,4,152.1,1910,324500,2133,https://mojikvadrati.com/nepremicnina/531248-prodaja-stanovanje-4-sobno-podravska-maribor
531246,Podravska,Majšperk,Majšperk,2-sobno,2,50.0,2010,119500,2390,https://mojikvadrati.com/nepremicnina/531246-prodaja-stanovanje-2-sobno-podravska-majsperk
531234,Podravska,Maribor,Center,4-sobno,4,152.1,1910,349500,2298,https://mojikvadrati.com/nepremicnina/531234-prodaja-stanovanje-4-sobno-podravska-maribor
541028,Podravska,Maribor,Tabor,2-sobno,2,41.6,1892,96900,2329,https://mojikvadrati.com/nepremicnina/541028-prodaja-stanovanje-2-sobno-podravska-maribor
531120,Savinjska,Velenje,Velenje,3-sobno,3,118.6,1973,295000,2487,https://mojikvadrati.com/nepremicnina/531120-prodaja-stanovanje-3-sobno-savinjska-velenje
530966,Obalno - kraška,Izola,Izola,4-sobno,4,175.0,2026,825692,4718,https://mojikvadrati.com/nepremicnina/530966-prodaja-stanovanje-4-sobno-obalno-kraska-izola
530914,Pomurska,Ljutomer,Branoslavci,"4,5-sobno",4.5,91.9,2019,113400,1234,https://mojikvadrati.com/nepremicnina/530914-prodaja-stanovanje-4-5-sobno-pomurska-ljutomer
530912,Pomurska,Ljutomer,Branoslavci,"4,5-sobno",4.5,110.0,2019,167400,1522,https://mojikvadrati.com/nepremicnina/530912-prodaja-stanovanje-4-5-sobno-pomurska-ljutomer
530876,Obalno - kraška,Koper,Žusterna,4-sobno,4,93.8,2004,299900,3197,https://mojikvadrati.com/nepremicnina/530876-prodaja-stanovanje-4-sobno-obalno-kraska-koper
530656,Obalno - kraška,Koper,Center,4-sobno,4,88.7,1700,298000,3360,https://mojikvadrati.com/nepremicnina/530656-prodaja-stanovanje-4-sobno-obalno-kraska-koper
530630,Obalno - kraška,Piran,Piran/Pirano,3-sobno,3,53.6,1800,350000,6530,https://mojikvadrati.com/nepremicnina/530630-prodaja-stanovanje-3-sobno-obalno-kraska-piran
530612,Ljubljana,Ljubljana,Center,3-sobno,3,88.0,1950,348000,3955,https://mojikvadrati.com/nepremicnina/530612-prodaja-stanovanje-3-sobno-ljubljana-center
530610,Ljubljana okolica,Vodice,Vodice,4-sobno,4,201.9,1800,430000,2130,https://mojikvadrati.com/nepremicnina/530610-prodaja-stanovanje-4-sobno-ljubljana-okolica-vodice
530534,Podravska,Rače - Fram,Rače,"1,5-sobno",1.5,43.3,2003,144900,3346,https://mojikvadrati.com/nepremicnina/530534-prodaja-stanovanje-1-5-sobno-podravska-race-fram
530514,Podravska,Maribor,Tabor,1-sobno,1,37.1,1925,104000,2803,https://mojikvadrati.com/nepremicnina/530514-prodaja-stanovanje-1-sobno-podravska-maribor
530483,Obalno - kraška,Piran,Portorož center,4-sobno,4,198.0,2004,1300000,6566,https://mojikvadrati.com/nepremicnina/530483-prodaja-stanovanje-4-sobno-obalno-kraska-piran
530048,Obalno - kraška,Piran,Piran/Pirano,1-sobno,1,46.0,1980,228000,4957,https://mojikvadrati.com/nepremicnina/530048-prodaja-stanovanje-1-sobno-obalno-kraska-piran
536303,Savinjska,Celje,Center,"2,5-sobno",2.5,76.3,1700,197000,2582,https://mojikvadrati.com/nepremicnina/536303-prodaja-stanovanje-2-5-sobno-savinjska-celje
530042,Savinjska,Celje,Center,"2,5-sobno",2.5,76.3,1700,197000,2582,https://mojikvadrati.com/nepremicnina/530042-prodaja-stanovanje-2-5-sobno-savinjska-celje
530005,Gorenjska,Jesenice,Jesenice,2-sobno,2,59.7,1988,230000,3853,https://mojikvadrati.com/nepremicnina/530005-prodaja-stanovanje-2-sobno-gorenjska-jesenice
529922,Gorenjska,Škofja Loka,Škofja Loka,2-sobno,2,43.7,1961,188000,4302,https://mojikvadrati.com/nepremicnina/529922-prodaja-stanovanje-2-sobno-gorenjska-skofja-loka
529831,Obalno - kraška,Piran,Portorož center,2-sobno,2,43.8,1900,315000,7192,https://mojikvadrati.com/nepremicnina/529831-prodaja-stanovanje-2-sobno-obalno-kraska-piran
529782,Ljubljana,Ljubljana,Moste-Polje,2-sobno,2,43.7,1899,260000,5950,https://mojikvadrati.com/nepremicnina/529782-prodaja-stanovanje-2-sobno-ljubljana-moste-polje
529669,Ljubljana,Ljubljana,Bežigrad,2-sobno,2,75.75,2028,479000,6323,https://mojikvadrati.com/nepremicnina/529669-prodaja-stanovanje-2-sobno-ljubljana-bezigrad
529441,Obalno - kraška,Piran,,3-sobno,3,53.2,1800,393000,7387,https://mojikvadrati.com/nepremicnina/529441-prodaja-stanovanje-3-sobno-obalno-kraska-piran
529428,Ljubljana,Ljubljana,Bežigrad,3-sobno,3,79.43,2025,525000,6610,https://mojikvadrati.com/nepremicnina/529428-prodaja-stanovanje-3-sobno-ljubljana-bezigrad
529427,Ljubljana,Ljubljana,Bežigrad,2-sobno,2,64.96,2028,415000,6389,https://mojikvadrati.com/nepremicnina/529427-prodaja-stanovanje-2-sobno-ljubljana-bezigrad
529423,Ljubljana,Ljubljana,Bežigrad,2-sobno,2,48.04,2028,336000,6994,https://mojikvadrati.com/nepremicnina/529423-prodaja-stanovanje-2-sobno-ljubljana-bezigrad
529415,Ljubljana,Ljubljana,Center,3-sobno,3,93.2,1922,475000,5097,https://mojikvadrati.com/nepremicnina/529415-prodaja-stanovanje-3-sobno-ljubljana-center
529410,Ljubljana okolica,Komenda,Suhadole,"3,5-sobno",3.5,180.6,,280000,1550,https://mojikvadrati.com/nepremicnina/529410-prodaja-stanovanje-3-5-sobno-ljubljana-okolica-komenda
529292,Ljubljana,Ljubljana,Center,2-sobno,2,93.2,1922,475000,5097,https://mojikvadrati.com/nepremicnina/529292-prodaja-stanovanje-2-sobno-ljubljana-center
529276,Savinjska,Celje,Hudinja,1-sobno,1,36.2,1966,137000,3785,https://mojikvadrati.com/nepremicnina/529276-prodaja-stanovanje-1-sobno-savinjska-celje
529267,Gorenjska,Kranjska Gora,Kranjska Gora,3-sobno,3,75.3,1975,420000,5578,https://mojikvadrati.com/nepremicnina/529267-prodaja-stanovanje-3-sobno-gorenjska-kranjska-gora
529209,Gorenjska,Kranj,Kranj,3-sobno,3,179.8,2026,450702,2507,https://mojikvadrati.com/nepremicnina/529209-prodaja-stanovanje-3-sobno-gorenjska-kranj
529195,Savinjska,Slovenske Konjice,Slovenske Konjice,3-sobno,3,74.2,1971,152000,2049,https://mojikvadrati.com/nepremicnina/529195-prodaja-stanovanje-3-sobno-savinjska-slovenske-konjice
529179,Ljubljana,Ljubljana,Moste-Polje,4-sobno,4,282.9,2024,949000,3355,https://mojikvadrati.com/nepremicnina/529179-prodaja-stanovanje-4-sobno-ljubljana-moste-polje
529154,Obalno - kraška,Piran,Center,3-sobno,3,94.0,1800,499000,5309,https://mojikvadrati.com/nepremicnina/529154-prodaja-stanovanje-3-sobno-obalno-kraska-piran
529136,Ljubljana,Ljubljana,Center,4-sobno,4,187.6,1600,1888888,10069,https://mojikvadrati.com/nepremicnina/529136-prodaja-stanovanje-4-sobno-ljubljana-center
529131,Ljubljana,Ljubljana,Center,3-sobno,3,215.3,1800,1888888,8773,https://mojikvadrati.com/nepremicnina/529131-prodaja-stanovanje-3-sobno-ljubljana-center
529098,Obalno - kraška,Koper,Center,3-sobno,3,72.4,1850,350000,4834,https://mojikvadrati.com/nepremicnina/529098-prodaja-stanovanje-3-sobno-obalno-kraska-koper
529052,Ljubljana,Ljubljana,Center,Garsonjera,0.5,26.3,,149000,5665,https://mojikvadrati.com/nepremicnina/529052-prodaja-stanovanje-garsonjera-ljubljana-center
529004,Obalno - kraška,Koper,Koper,3-sobno,3,48.5,1960,349000,7196,https://mojikvadrati.com/nepremicnina/529004-prodaja-stanovanje-3-sobno-obalno-kraska-koper
529003,Obalno - kraška,Piran,Piran/Pirano,2-sobno,2,43.0,1970,310000,7209,https://mojikvadrati.com/nepremicnina/529003-prodaja-stanovanje-2-sobno-obalno-kraska-piran
528885,Podravska,Maribor,Center,Garsonjera,0.5,41.2,,179900,4367,https://mojikvadrati.com/nepremicnina/528885-prodaja-stanovanje-garsonjera-podravska-maribor
528850,Obalno - kraška,Piran,Piran/Pirano,3-sobno,3,75.0,1800,620000,8267,https://mojikvadrati.com/nepremicnina/528850-prodaja-stanovanje-3-sobno-obalno-kraska-piran
528758,Ljubljana,Ljubljana,Center,3-sobno,3,134.97,2023,1399000,10365,https://mojikvadrati.com/nepremicnina/528758-prodaja-stanovanje-3-sobno-ljubljana-center
528756,Ljubljana okolica,Medvode,Medvode,3-sobno,3,111.6,2019,578000,5179,https://mojikvadrati.com/nepremicnina/528756-prodaja-stanovanje-3-sobno-ljubljana-okolica-medvode
528692,Obalno - kraška,Piran,Piran/Pirano,Garsonjera,0.5,25.0,1700,255000,10200,https://mojikvadrati.com/nepremicnina/528692-prodaja-stanovanje-garsonjera-obalno-kraska-piran
528681,Ljubljana,Ljubljana,Center,1-sobno,1,29.1,1896,219000,7526,https://mojikvadrati.com/nepremicnina/528681-prodaja-stanovanje-1-sobno-ljubljana-center
528652,Obalno - kraška,Piran,Punta,3-sobno,3,53.1,1895,361000,6798,https://mojikvadrati.com/nepremicnina/528652-prodaja-stanovanje-3-sobno-obalno-kraska-piran
528623,Podravska,Maribor,Zgornje Radvanje,"3,5-sobno",3.5,155.0,2002,495000,3194,https://mojikvadrati.com/nepremicnina/528623-prodaja-stanovanje-3-5-sobno-podravska-maribor
528583,Ljubljana,Ljubljana,Moste-Polje,3-sobno,3,128.6,1970,419000,3258,https://mojikvadrati.com/nepremicnina/528583-prodaja-stanovanje-3-sobno-ljubljana-moste-polje
528571,Podravska,Ptuj,Center,"4,5-sobno",4.5,154.41,,482486,3125,https://mojikvadrati.com/nepremicnina/528571-prodaja-stanovanje-4-5-sobno-podravska-ptuj
528570,Podravska,Ptuj,Center,2-sobno,2,83.1,2028,271302,3265,https://mojikvadrati.com/nepremicnina/528570-prodaja-stanovanje-2-sobno-podravska-ptuj
528568,Podravska,Ptuj,Center,2-sobno,2,64.77,2028,228355,3526,https://mojikvadrati.com/nepremicnina/528568-prodaja-stanovanje-2-sobno-podravska-ptuj
528382,Ljubljana okolica,Medvode,Zgornje Pirniče,4-sobno,4,139.8,2026,640000,4578,https://mojikvadrati.com/nepremicnina/528382-prodaja-stanovanje-4-sobno-ljubljana-okolica-medvode
528225,Ljubljana,Ljubljana,Moste-Polje,Garsonjera,0.5,29.32,,199000,6787,https://mojikvadrati.com/nepremicnina/528225-prodaja-stanovanje-garsonjera-ljubljana-moste-polje
528183,Ljubljana okolica,Kamnik,Kamnik,1-sobno,1,39.9,1983,200000,5013,https://mojikvadrati.com/nepremicnina/528183-prodaja-stanovanje-1-sobno-ljubljana-okolica-kamnik
528168,Obalno - kraška,Piran,Piran/Pirano,3-sobno,3,74.6,1800,620000,8311,https://mojikvadrati.com/nepremicnina/528168-prodaja-stanovanje-3-sobno-obalno-kraska-piran
528043,Ljubljana,Ljubljana,Vič-Rudnik,2-sobno,2,54.0,2001,309000,5722,https://mojikvadrati.com/nepremicnina/528043-prodaja-stanovanje-2-sobno-ljubljana-vic-rudnik
527917,Ljubljana,Ljubljana,Vič-Rudnik,3-sobno,3,95.82,1963,220000,2296,https://mojikvadrati.com/nepremicnina/527917-prodaja-stanovanje-3-sobno-ljubljana-vic-rudnik
527897,Gorenjska,Kranj,Kranj,4-sobno,4,115.71,2026,497827,4302,https://mojikvadrati.com/nepremicnina/527897-prodaja-stanovanje-4-sobno-gorenjska-kranj
527895,Gorenjska,Kranj,Kranj,4-sobno,4,117.85,2026,467321,3965,https://mojikvadrati.com/nepremicnina/527895-prodaja-stanovanje-4-sobno-gorenjska-kranj
527894,Gorenjska,Kranj,Kranj,1-sobno,1,53.43,2026,269032,5035,https://mojikvadrati.com/nepremicnina/527894-prodaja-stanovanje-1-sobno-gorenjska-kranj
527891,Gorenjska,Kranj,Kranj,3-sobno,3,92.5,2026,398489,4308,https://mojikvadrati.com/nepremicnina/527891-prodaja-stanovanje-3-sobno-gorenjska-kranj
527794,Ljubljana,Ljubljana,Moste-Polje,"1,5-sobno",1.5,39.4,1900,157000,3985,https://mojikvadrati.com/nepremicnina/527794-prodaja-stanovanje-1-5-sobno-ljubljana-moste-polje
527715,Obalno - kraška,Piran,Center,2-sobno,2,62.6,1700,289000,4617,https://mojikvadrati.com/nepremicnina/527715-prodaja-stanovanje-2-sobno-obalno-kraska-piran
527617,Ljubljana,Ljubljana,Center,3-sobno,3,78.0,1929,465000,5962,https://mojikvadrati.com/nepremicnina/527617-prodaja-stanovanje-3-sobno-ljubljana-center
527605,Podravska,Maribor,Center,4-sobno,4,296.3,1924,280000,945,https://mojikvadrati.com/nepremicnina/527605-prodaja-stanovanje-4-sobno-podravska-maribor
527539,Obalno - kraška,Piran,,2-sobno,2,39.9,1750,420000,10526,https://mojikvadrati.com/nepremicnina/527539-prodaja-stanovanje-2-sobno-obalno-kraska-piran
527513,Podravska,Maribor,Koroška vrata,4-sobno,4,195.9,2007,819000,4181,https://mojikvadrati.com/nepremicnina/527513-prodaja-stanovanje-4-sobno-podravska-maribor
527427,Ljubljana,Ljubljana,Center,3-sobno,3,105.5,1880,649000,6152,https://mojikvadrati.com/nepremicnina/527427-prodaja-stanovanje-3-sobno-ljubljana-center
527425,Gorenjska,Bled,Bled,"4,5-sobno",4.5,153.0,2012,872100,5700,https://mojikvadrati.com/nepremicnina/527425-prodaja-stanovanje-4-5-sobno-gorenjska-bled
527184,Ljubljana,Ljubljana,Bežigrad,2-sobno,2,114.75,2023,550000,4793,https://mojikvadrati.com/nepremicnina/527184-prodaja-stanovanje-2-sobno-ljubljana-bezigrad
527115,Ljubljana okolica,Domžale,Domžale,4-sobno,4,225.0,1865,379000,1684,https://mojikvadrati.com/nepremicnina/527115-prodaja-stanovanje-4-sobno-ljubljana-okolica-domzale
527090,Podravska,Maribor,Koroška vrata,2-sobno,2,67.6,1977,199000,2944,https://mojikvadrati.com/nepremicnina/527090-prodaja-stanovanje-2-sobno-podravska-maribor
527062,Ljubljana,Ljubljana,Center,4-sobno,4,120.5,1902,549000,4556,https://mojikvadrati.com/nepremicnina/527062-prodaja-stanovanje-4-sobno-ljubljana-center
526980,Podravska,Šentilj,Šentilj v Slovenskih Goricah,4-sobno,4,137.03,2027,305000,2226,https://mojikvadrati.com/nepremicnina/526980-prodaja-stanovanje-4-sobno-podravska-sentilj
526978,Podravska,Šentilj,Šentilj v Slovenskih Goricah,3-sobno,3,139.78,2027,274000,1960,https://mojikvadrati.com/nepremicnina/526978-prodaja-stanovanje-3-sobno-podravska-sentilj
526976,Podravska,Šentilj,Šentilj v Slovenskih Goricah,2-sobno,2,127.56,2027,267000,2093,https://mojikvadrati.com/nepremicnina/526976-prodaja-stanovanje-2-sobno-podravska-sentilj
526968,Podravska,Šentilj,Šentilj v Slovenskih Goricah,3-sobno,3,105.52,2027,240000,2274,https://mojikvadrati.com/nepremicnina/526968-prodaja-stanovanje-3-sobno-podravska-sentilj
526967,Podravska,Šentilj,Šentilj v Slovenskih Goricah,2-sobno,2,95.81,2027,228000,2380,https://mojikvadrati.com/nepremicnina/526967-prodaja-stanovanje-2-sobno-podravska-sentilj
526960,Obalno - kraška,Izola,Izola,"3,5-sobno",3.5,332.4,,642600,1933,https://mojikvadrati.com/nepremicnina/526960-prodaja-stanovanje-3-5-sobno-obalno-kraska-izola
526902,Podravska,Šentilj,Šentilj v Slovenskih Goricah,2-sobno,2,80.05,2027,195000,2436,https://mojikvadrati.com/nepremicnina/526902-prodaja-stanovanje-2-sobno-podravska-sentilj
526897,Podravska,Šentilj,Šentilj v Slovenskih Goricah,4-sobno,4,136.0,2027,305000,2243,https://mojikvadrati.com/nepremicnina/526897-prodaja-stanovanje-4-sobno-podravska-sentilj
526729,Ljubljana,Ljubljana,Bežigrad,"2,5-sobno",2.5,104.6,,550000,5258,https://mojikvadrati.com/nepremicnina/526729-prodaja-stanovanje-2-5-sobno-ljubljana-bezigrad
526569,Obalno - kraška,Koper,,3-sobno,3,66.7,1964,239000,3583,https://mojikvadrati.com/nepremicnina/526569-prodaja-stanovanje-3-sobno-obalno-kraska-koper
526508,Notranjsko - kraška,Ilirska Bistrica,Ilirska Bistrica,3-sobno,3,65.0,1950,175000,2692,https://mojikvadrati.com/nepremicnina/526508-prodaja-stanovanje-3-sobno-notranjsko-kraska-ilirska-bistrica
526404,Goriška,Nova Gorica,Nova Gorica,2-sobno,2,61.5,1963,200000,3252,https://mojikvadrati.com/nepremicnina/526404-prodaja-stanovanje-2-sobno-goriska-nova-gorica
526338,Savinjska,Celje,Center,1-sobno,1,62.0,1890,128000,2065,https://mojikvadrati.com/nepremicnina/526338-prodaja-stanovanje-1-sobno-savinjska-celje
526331,Gorenjska,Kranj,Kranj,2-sobno,2,45.2,1978,225000,4978,https://mojikvadrati.com/nepremicnina/526331-prodaja-stanovanje-2-sobno-gorenjska-kranj
526285,Koroška,Slovenj Gradec,Slovenj Gradec,4-sobno,4,89.7,1832,245360,2735,https://mojikvadrati.com/nepremicnina/526285-prodaja-stanovanje-4-sobno-koroska-slovenj-gradec
526251,Ljubljana,Ljubljana,Šiška,4-sobno,4,90.6,1913,439000,4845,https://mojikvadrati.com/nepremicnina/526251-prodaja-stanovanje-4-sobno-ljubljana-siska
526164,Savinjska,Celje,Trnovlje pri Celju,"4,5-sobno",4.5,164.9,,338000,2050,https://mojikvadrati.com/nepremicnina/526164-prodaja-stanovanje-4-5-sobno-savinjska-celje
525983,Savinjska,Šoštanj,Šoštanj,3-sobno,3,95.9,1998,218000,2273,https://mojikvadrati.com/nepremicnina/525983-prodaja-stanovanje-3-sobno-savinjska-sostanj
525922,Obalno - kraška,Izola,,2-sobno,2,59.2,1975,390000,6588,https://mojikvadrati.com/nepremicnina/525922-prodaja-stanovanje-2-sobno-obalno-kraska-izola
525850,Ljubljana,Ljubljana,Vič-Rudnik,3-sobno,3,67.5,2026,528471,7829,https://mojikvadrati.com/nepremicnina/525850-prodaja-stanovanje-3-sobno-ljubljana-vic-rudnik
525849,Ljubljana,Ljubljana,Vič-Rudnik,4-sobno,4,99.3,2026,770972,7764,https://mojikvadrati.com/nepremicnina/525849-prodaja-stanovanje-4-sobno-ljubljana-vic-rudnik
525848,Ljubljana,Ljubljana,Vič-Rudnik,3-sobno,3,154.0,2026,581157,3774,https://mojikvadrati.com/nepremicnina/525848-prodaja-stanovanje-3-sobno-ljubljana-vic-rudnik
525818,Obalno - kraška,Piran,Lucija,3-sobno,3,82.8,1993,520000,6280,https://mojikvadrati.com/nepremicnina/525818-prodaja-stanovanje-3-sobno-obalno-kraska-piran
525797,Ljubljana okolica,Kamnik,Kamnik,3-sobno,3,125.4,2028,411000,3278,https://mojikvadrati.com/nepremicnina/525797-prodaja-stanovanje-3-sobno-ljubljana-okolica-kamnik
525786,Obalno - kraška,Piran,Center,3-sobno,3,61.0,1900,333000,5459,https://mojikvadrati.com/nepremicnina/525786-prodaja-stanovanje-3-sobno-obalno-kraska-piran
525745,Ljubljana,Ljubljana,Center,"4,5-sobno",4.5,368.0,1800,1490000,4049,https://mojikvadrati.com/nepremicnina/525745-prodaja-stanovanje-4-5-sobno-ljubljana-center
525744,Ljubljana,Ljubljana,Center,"4,5-sobno",4.5,119.0,1909,750000,6303,https://mojikvadrati.com/nepremicnina/525744-prodaja-stanovanje-4-5-sobno-ljubljana-center
525702,Ljubljana,Ljubljana,Vič-Rudnik,"4,5-sobno",4.5,143.4,,887000,6185,https://mojikvadrati.com/nepremicnina/525702-prodaja-stanovanje-4-5-sobno-ljubljana-vic-rudnik
525644,Pomurska,Radenci,,4-sobno,4,128.4,2024,264631,2061,https://mojikvadrati.com/nepremicnina/525644-prodaja-stanovanje-4-sobno-pomurska-radenci
525643,Obalno - kraška,Koper,Bonini,3-sobno,3,362.0,1980,388000,1072,https://mojikvadrati.com/nepremicnina/525643-prodaja-stanovanje-3-sobno-obalno-kraska-koper
525630,Pomurska,Radenci,Radenci,2-sobno,2,77.9,2025,174842,2244,https://mojikvadrati.com/nepremicnina/525630-prodaja-stanovanje-2-sobno-pomurska-radenci
525609,Podravska,Ormož,Velika Nedelja,1-sobno,1,48.0,2026,130000,2708,https://mojikvadrati.com/nepremicnina/525609-prodaja-stanovanje-1-sobno-podravska-ormoz
525606,Podravska,Ormož,Velika Nedelja,1-sobno,1,55.1,2024,139000,2523,https://mojikvadrati.com/nepremicnina/525606-prodaja-stanovanje-1-sobno-podravska-ormoz
525588,Ljubljana,Ljubljana,Šiška,4-sobno,4,90.6,1913,465000,5132,https://mojikvadrati.com/nepremicnina/525588-prodaja-stanovanje-4-sobno-ljubljana-siska
525585,Ljubljana,Ljubljana,Šiška,4-sobno,4,75.6,1913,485000,6415,https://mojikvadrati.com/nepremicnina/525585-prodaja-stanovanje-4-sobno-ljubljana-siska
525581,Ljubljana,Ljubljana,Šiška,4-sobno,4,98.0,1913,485000,4949,https://mojikvadrati.com/nepremicnina/525581-prodaja-stanovanje-4-sobno-ljubljana-siska
525553,Obalno - kraška,Izola,Okolica,2-sobno,2,59.2,1975,390000,6588,https://mojikvadrati.com/nepremicnina/525553-prodaja-stanovanje-2-sobno-obalno-kraska-izola
525487,Obalno - kraška,Izola,Izola,"3,5-sobno",3.5,211.7,,622263,2939,https://mojikvadrati.com/nepremicnina/525487-prodaja-stanovanje-3-5-sobno-obalno-kraska-izola
525383,Gorenjska,Tržič,Tržič,2-sobno,2,44.1,1959,169900,3853,https://mojikvadrati.com/nepremicnina/525383-prodaja-stanovanje-2-sobno-gorenjska-trzic
525262,Obalno - kraška,Piran,Center,4-sobno,4,92.9,1900,440000,4736,https://mojikvadrati.com/nepremicnina/525262-prodaja-stanovanje-4-sobno-obalno-kraska-piran
525249,Obalno - kraška,Izola,Izola,"3,5-sobno",3.5,255.4,,615209,2409,https://mojikvadrati.com/nepremicnina/525249-prodaja-stanovanje-3-5-sobno-obalno-kraska-izola
525242,Obalno - kraška,Izola,Izola,4-sobno,4,166.4,2026,821711,4938,https://mojikvadrati.com/nepremicnina/525242-prodaja-stanovanje-4-sobno-obalno-kraska-izola
525154,Ljubljana,Ljubljana,Vič-Rudnik,"4,5-sobno",4.5,240.95,,699157,2902,https://mojikvadrati.com/nepremicnina/525154-prodaja-stanovanje-4-5-sobno-ljubljana-vic-rudnik
525055,Koroška,Ravne na Koroškem,Ravne na Koroškem,5+ več sobno,5,396.0,,680000,1717,https://mojikvadrati.com/nepremicnina/525055-prodaja-stanovanje-5-vec-sobno-koroska-ravne-na-koroskem
525043,Gorenjska,Jesenice,Slovenski Javornik,3-sobno,3,176.0,1891,178000,1011,https://mojikvadrati.com/nepremicnina/525043-prodaja-stanovanje-3-sobno-gorenjska-jesenice
525042,Podravska,Ptuj,Center,3-sobno,3,70.0,1961,190000,2714,https://mojikvadrati.com/nepremicnina/525042-prodaja-stanovanje-3-sobno-podravska-ptuj
541021,Podravska,Maribor,Studenci,3-sobno,3,101.19,2024,312000,3083,https://mojikvadrati.com/nepremicnina/541021-prodaja-stanovanje-3-sobno-podravska-maribor
524782,Ljubljana,Ljubljana,Moste-Polje,4-sobno,4,87.8,2023,449000,5114,https://mojikvadrati.com/nepremicnina/524782-prodaja-stanovanje-4-sobno-ljubljana-moste-polje
524308,Ljubljana,Ljubljana,Moste-Polje,3-sobno,3,77.7,2023,369000,4749,https://mojikvadrati.com/nepremicnina/524308-prodaja-stanovanje-3-sobno-ljubljana-moste-polje
524254,Obalno - kraška,Koper,Koper,4-sobno,4,151.85,2026,850000,5598,https://mojikvadrati.com/nepremicnina/524254-prodaja-stanovanje-4-sobno-obalno-kraska-koper
524200,Goriška,Nova Gorica,Nova Gorica,3-sobno,3,103.9,1961,230000,2214,https://mojikvadrati.com/nepremicnina/524200-prodaja-stanovanje-3-sobno-goriska-nova-gorica
524022,Gorenjska,Kranj,Kranj,Garsonjera,0.5,47.0,2010,215000,4574,https://mojikvadrati.com/nepremicnina/524022-prodaja-stanovanje-garsonjera-gorenjska-kranj
523954,Podravska,Maribor,Koroška vrata,3-sobno,3,89.2,1976,2489,28,https://mojikvadrati.com/nepremicnina/523954-prodaja-stanovanje-3-sobno-podravska-maribor
523880,Obalno - kraška,Piran,Portorož,3-sobno,3,67.0,1971,565000,8433,https://mojikvadrati.com/nepremicnina/523880-prodaja-stanovanje-3-sobno-obalno-kraska-piran
523872,Notranjsko - kraška,Postojna,Postojna,1-sobno,1,33.9,1968,105000,3097,https://mojikvadrati.com/nepremicnina/523872-prodaja-stanovanje-1-sobno-notranjsko-kraska-postojna
523557,Ljubljana okolica,Logatec,Kalce,3-sobno,3,114.5,2006,260000,2271,https://mojikvadrati.com/nepremicnina/523557-prodaja-stanovanje-3-sobno-ljubljana-okolica-logatec
523478,Obalno - kraška,Izola,Livade,4-sobno,4,219.1,2025,495600,2262,https://mojikvadrati.com/nepremicnina/523478-prodaja-stanovanje-4-sobno-obalno-kraska-izola
523414,Podravska,Maribor,Koroška vrata,2-sobno,2,67.6,1977,199000,2944,https://mojikvadrati.com/nepremicnina/523414-prodaja-stanovanje-2-sobno-podravska-maribor
523303,Obalno - kraška,Piran,Portorož,3-sobno,3,78.2,2008,750000,9591,https://mojikvadrati.com/nepremicnina/523303-prodaja-stanovanje-3-sobno-obalno-kraska-piran
523277,Obalno - kraška,Piran,Piran/Pirano,3-sobno,3,78.2,2008,750000,9591,https://mojikvadrati.com/nepremicnina/523277-prodaja-stanovanje-3-sobno-obalno-kraska-piran
523237,Ljubljana,Ljubljana,Vič-Rudnik,"3,5-sobno",3.5,99.0,2003,425000,4293,https://mojikvadrati.com/nepremicnina/523237-prodaja-stanovanje-3-5-sobno-ljubljana-vic-rudnik
523232,Ljubljana,Ljubljana,Vič-Rudnik,3-sobno,3,81.7,1935,379000,4639,https://mojikvadrati.com/nepremicnina/523232-prodaja-stanovanje-3-sobno-ljubljana-vic-rudnik
523223,Gorenjska,Jesenice,Jesenice,3-sobno,3,100.0,1927,158000,1580,https://mojikvadrati.com/nepremicnina/523223-prodaja-stanovanje-3-sobno-gorenjska-jesenice
523197,Ljubljana,Ljubljana,Šiška,4-sobno,4,144.35,1913,439000,3041,https://mojikvadrati.com/nepremicnina/523197-prodaja-stanovanje-4-sobno-ljubljana-siska
522998,Savinjska,Šentjur,Bezovje pri Šentjurju,3-sobno,3,152.0,2012,330000,2171,https://mojikvadrati.com/nepremicnina/522998-prodaja-stanovanje-3-sobno-savinjska-sentjur
522843,Obalno - kraška,Izola,Livade,"3,5-sobno",3.5,180.0,2025,469000,2606,https://mojikvadrati.com/nepremicnina/522843-prodaja-stanovanje-3-5-sobno-obalno-kraska-izola
522828,Savinjska,Podčetrtek,Slake,2-sobno,2,68.52,2027,205450,2998,https://mojikvadrati.com/nepremicnina/522828-prodaja-stanovanje-2-sobno-savinjska-podcetrtek
522734,Savinjska,Podčetrtek,Slake,3-sobno,3,96.25,2027,239250,2486,https://mojikvadrati.com/nepremicnina/522734-prodaja-stanovanje-3-sobno-savinjska-podcetrtek
522631,Goriška,Renče - Vogrsko,Volčja Draga,2-sobno,2,82.0,1980,250000,3049,https://mojikvadrati.com/nepremicnina/522631-prodaja-stanovanje-2-sobno-goriska-rence-vogrsko
522626,Goriška,Renče - Vogrsko,Volčja Draga,3-sobno,3,186.7,1980,335000,1794,https://mojikvadrati.com/nepremicnina/522626-prodaja-stanovanje-3-sobno-goriska-rence-vogrsko
522620,Ljubljana,Ljubljana,Center,3-sobno,3,82.4,1985,624000,7573,https://mojikvadrati.com/nepremicnina/522620-prodaja-stanovanje-3-sobno-ljubljana-center
522594,Zasavska,Trbovlje,Trbovlje,4-sobno,4,84.0,1974,165000,1964,https://mojikvadrati.com/nepremicnina/522594-prodaja-stanovanje-4-sobno-zasavska-trbovlje
522466,Ljubljana,Ljubljana,Šiška,"2,5-sobno",2.5,74.0,1949,345000,4662,https://mojikvadrati.com/nepremicnina/522466-prodaja-stanovanje-2-5-sobno-ljubljana-siska
522181,Obalno - kraška,Izola,Izola,4-sobno,4,90.8,1900,790000,8700,https://mojikvadrati.com/nepremicnina/522181-prodaja-stanovanje-4-sobno-obalno-kraska-izola
522124,Podravska,Ruše,Smolnik,2-sobno,2,67.4,1848,89000,1320,https://mojikvadrati.com/nepremicnina/522124-prodaja-stanovanje-2-sobno-podravska-ruse
521915,Ljubljana okolica,Mengeš,,4-sobno,4,98.1,2018,650000,6626,https://mojikvadrati.com/nepremicnina/521915-prodaja-stanovanje-4-sobno-ljubljana-okolica-menges
521765,Gorenjska,Preddvor,Preddvor,4-sobno,4,107.4,1893,500000,4655,https://mojikvadrati.com/nepremicnina/521765-prodaja-stanovanje-4-sobno-gorenjska-preddvor
521676,Gorenjska,Kranj,Spodnje Bitnje,4-sobno,4,135.6,1950,309000,2279,https://mojikvadrati.com/nepremicnina/521676-prodaja-stanovanje-4-sobno-gorenjska-kranj
521653,Koroška,Ravne na Koroškem,Ravne na Koroškem,Garsonjera,0.5,18.9,,50000,2646,https://mojikvadrati.com/nepremicnina/521653-prodaja-stanovanje-garsonjera-koroska-ravne-na-koroskem
521551,Obalno - kraška,Piran,Portorož,3-sobno,3,59.0,1896,280000,4746,https://mojikvadrati.com/nepremicnina/521551-prodaja-stanovanje-3-sobno-obalno-kraska-piran
521513,Ljubljana,Ljubljana,Vič-Rudnik,4-sobno,4,201.5,2011,1160000,5757,https://mojikvadrati.com/nepremicnina/521513-prodaja-stanovanje-4-sobno-ljubljana-vic-rudnik
521366,Koroška,Prevalje,Prevalje,3-sobno,3,47.6,1926,69000,1450,https://mojikvadrati.com/nepremicnina/521366-prodaja-stanovanje-3-sobno-koroska-prevalje
521197,Goriška,Bovec,,3-sobno,3,80.2,1975,225000,2805,https://mojikvadrati.com/nepremicnina/521197-prodaja-stanovanje-3-sobno-goriska-bovec
520992,Ljubljana,Ljubljana,Bežigrad,5+ več sobno,5,279.0,,1250000,4480,https://mojikvadrati.com/nepremicnina/520992-prodaja-stanovanje-5-vec-sobno-ljubljana-bezigrad
520989,Ljubljana,Ljubljana,Bežigrad,5+ več sobno,5,205.0,,1180000,5756,https://mojikvadrati.com/nepremicnina/520989-prodaja-stanovanje-5-vec-sobno-ljubljana-bezigrad
520971,Ljubljana,Ljubljana,Bežigrad,5+ več sobno,5,279.0,,1180000,4229,https://mojikvadrati.com/nepremicnina/520971-prodaja-stanovanje-5-vec-sobno-ljubljana-bezigrad
520888,Podravska,Maribor,Center,4-sobno,4,98.9,1975,312000,3155,https://mojikvadrati.com/nepremicnina/520888-prodaja-stanovanje-4-sobno-podravska-maribor
520737,Ljubljana,Ljubljana,Šiška,5+ več sobno,5,299.76,,990000,3303,https://mojikvadrati.com/nepremicnina/520737-prodaja-stanovanje-5-vec-sobno-ljubljana-siska
520650,Ljubljana,Ljubljana,Center,2-sobno,2,155.9,2023,1410896,9050,https://mojikvadrati.com/nepremicnina/520650-prodaja-stanovanje-2-sobno-ljubljana-center
520597,Podravska,Ptuj,,3-sobno,3,163.6,1977,225000,1375,https://mojikvadrati.com/nepremicnina/520597-prodaja-stanovanje-3-sobno-podravska-ptuj
520570,Gorenjska,Kranj,Zlato polje,4-sobno,4,137.0,2025,466587,3406,https://mojikvadrati.com/nepremicnina/520570-prodaja-stanovanje-4-sobno-gorenjska-kranj
520569,Gorenjska,Kranj,Zlato polje,5+ več sobno,5,136.0,,461212,3391,https://mojikvadrati.com/nepremicnina/520569-prodaja-stanovanje-5-vec-sobno-gorenjska-kranj
520502,Ljubljana,Ljubljana,Šiška,3-sobno,3,76.4,1962,360000,4712,https://mojikvadrati.com/nepremicnina/520502-prodaja-stanovanje-3-sobno-ljubljana-siska
520459,Ljubljana okolica,Grosuplje,Grosuplje,3-sobno,3,194.9,2024,425000,2181,https://mojikvadrati.com/nepremicnina/520459-prodaja-stanovanje-3-sobno-ljubljana-okolica-grosuplje
520344,Obalno - kraška,Piran,,2-sobno,2,81.5,1900,650000,7975,https://mojikvadrati.com/nepremicnina/520344-prodaja-stanovanje-2-sobno-obalno-kraska-piran
520156,Obalno - kraška,Piran,Center,2-sobno,2,80.0,1900,350000,4375,https://mojikvadrati.com/nepremicnina/520156-prodaja-stanovanje-2-sobno-obalno-kraska-piran
520089,Ljubljana,Ljubljana,Center,2-sobno,2,68.5,1988,367000,5358,https://mojikvadrati.com/nepremicnina/520089-prodaja-stanovanje-2-sobno-ljubljana-center
519943,Obalno - kraška,Piran,Portorož,3-sobno,3,136.8,2027,1781298,13021,https://mojikvadrati.com/nepremicnina/519943-prodaja-stanovanje-3-sobno-obalno-kraska-piran
519942,Obalno - kraška,Piran,Portorož,3-sobno,3,147.7,2027,1922257,13015,https://mojikvadrati.com/nepremicnina/519942-prodaja-stanovanje-3-sobno-obalno-kraska-piran
519842,Obalno - kraška,Piran,Portorož,3-sobno,3,137.5,2027,1773575,12899,https://mojikvadrati.com/nepremicnina/519842-prodaja-stanovanje-3-sobno-obalno-kraska-piran
519840,Obalno - kraška,Piran,Portorož,4-sobno,4,182.8,2027,2353868,12877,https://mojikvadrati.com/nepremicnina/519840-prodaja-stanovanje-4-sobno-obalno-kraska-piran
519817,Notranjsko - kraška,Cerknica,Cerknica,2-sobno,2,58.8,1930,112000,1905,https://mojikvadrati.com/nepremicnina/519817-prodaja-stanovanje-2-sobno-notranjsko-kraska-cerknica
519637,Ljubljana,Ljubljana,Bežigrad,"2,5-sobno",2.5,53.3,1975,299000,5610,https://mojikvadrati.com/nepremicnina/519637-prodaja-stanovanje-2-5-sobno-ljubljana-bezigrad
519569,Savinjska,Celje,Dečkovo naselje,3-sobno,3,100.35,1986,292000,2910,https://mojikvadrati.com/nepremicnina/519569-prodaja-stanovanje-3-sobno-savinjska-celje
519556,Ljubljana,Ljubljana,Center,4-sobno,4,158.7,2025,1200000,7561,https://mojikvadrati.com/nepremicnina/519556-prodaja-stanovanje-4-sobno-ljubljana-center
519335,Obalno - kraška,Piran,Lucija center,2-sobno,2,49.0,1970,315000,6429,https://mojikvadrati.com/nepremicnina/519335-prodaja-stanovanje-2-sobno-obalno-kraska-piran
519222,Ljubljana,Ljubljana,Center,4-sobno,4,111.9,1876,947100,8464,https://mojikvadrati.com/nepremicnina/519222-prodaja-stanovanje-4-sobno-ljubljana-center
519189,Savinjska,Celje,Dečkovo naselje,3-sobno,3,76.5,1982,187000,2444,https://mojikvadrati.com/nepremicnina/519189-prodaja-stanovanje-3-sobno-savinjska-celje
519133,Ljubljana,Ljubljana,Moste-Polje,2-sobno,2,46.2,1962,275000,5952,https://mojikvadrati.com/nepremicnina/519133-prodaja-stanovanje-2-sobno-ljubljana-moste-polje
519130,Obalno - kraška,Izola,Izola,"3,5-sobno",3.5,220.8,,502000,2274,https://mojikvadrati.com/nepremicnina/519130-prodaja-stanovanje-3-5-sobno-obalno-kraska-izola
519039,Obalno - kraška,Divača,,2-sobno,2,83.0,2009,289000,3482,https://mojikvadrati.com/nepremicnina/519039-prodaja-stanovanje-2-sobno-obalno-kraska-divaca
518995,Ljubljana,Ljubljana,Vič-Rudnik,4-sobno,4,201.5,2011,1160000,5757,https://mojikvadrati.com/nepremicnina/518995-prodaja-stanovanje-4-sobno-ljubljana-vic-rudnik
518815,Podravska,Maribor,Tabor,"3,5-sobno",3.5,115.0,1880,275000,2391,https://mojikvadrati.com/nepremicnina/518815-prodaja-stanovanje-3-5-sobno-podravska-maribor
518623,Obalno - kraška,Koper,Semedela,1-sobno,1,53.7,2007,299000,5568,https://mojikvadrati.com/nepremicnina/518623-prodaja-stanovanje-1-sobno-obalno-kraska-koper
518472,Ljubljana,Ljubljana,Center,"4,5-sobno",4.5,184.3,,2100000,11394,https://mojikvadrati.com/nepremicnina/518472-prodaja-stanovanje-4-5-sobno-ljubljana-center
518354,Ljubljana,Ljubljana,Šiška,4-sobno,4,100.5,1967,485000,4826,https://mojikvadrati.com/nepremicnina/518354-prodaja-stanovanje-4-sobno-ljubljana-siska
518124,Ljubljana,Ljubljana,Center,5+ več sobno,5,87.0,,750000,8621,https://mojikvadrati.com/nepremicnina/518124-prodaja-stanovanje-5-vec-sobno-ljubljana-center
518020,Zasavska,Zagorje ob Savi,Zagorje ob Savi,4-sobno,4,95.0,2023,380000,4000,https://mojikvadrati.com/nepremicnina/518020-prodaja-stanovanje-4-sobno-zasavska-zagorje-ob-savi
517997,Ljubljana,Ljubljana,Center,Garsonjera,0.5,45.7,,350000,7659,https://mojikvadrati.com/nepremicnina/517997-prodaja-stanovanje-garsonjera-ljubljana-center
517810,Podravska,Maribor,Studenci,3-sobno,3,90.0,1957,230000,2556,https://mojikvadrati.com/nepremicnina/517810-prodaja-stanovanje-3-sobno-podravska-maribor
517799,Savinjska,Vojnik,Konjsko,2-sobno,2,78.22,2026,227000,2902,https://mojikvadrati.com/nepremicnina/517799-prodaja-stanovanje-2-sobno-savinjska-vojnik
517744,Ljubljana okolica,Brezovica,Brezovica pri Ljubljani,"4,5-sobno",4.5,238.75,,695235,2912,https://mojikvadrati.com/nepremicnina/517744-prodaja-stanovanje-4-5-sobno-ljubljana-okolica-brezovica
517743,Ljubljana okolica,Brezovica,Brezovica pri Ljubljani,"4,5-sobno",4.5,240.95,,699157,2902,https://mojikvadrati.com/nepremicnina/517743-prodaja-stanovanje-4-5-sobno-ljubljana-okolica-brezovica
517476,Savinjska,Šmarje pri Jelšah,Šmarje pri Jelšah,"2,5-sobno",2.5,62.7,2002,45000,718,https://mojikvadrati.com/nepremicnina/517476-prodaja-stanovanje-2-5-sobno-savinjska-smarje-pri-jelsah
517437,Gorenjska,Kranj,Center,4-sobno,4,139.45,1938,399000,2861,https://mojikvadrati.com/nepremicnina/517437-prodaja-stanovanje-4-sobno-gorenjska-kranj
517324,Obalno - kraška,Piran,Seča,2-sobno,2,58.6,1892,280000,4778,https://mojikvadrati.com/nepremicnina/517324-prodaja-stanovanje-2-sobno-obalno-kraska-piran
517060,Obalno - kraška,Koper,Center,"2,5-sobno",2.5,74.0,1900,470000,6351,https://mojikvadrati.com/nepremicnina/517060-prodaja-stanovanje-2-5-sobno-obalno-kraska-koper
517057,Ljubljana,Ljubljana,Center,4-sobno,4,145.6,1876,1488375,10222,https://mojikvadrati.com/nepremicnina/517057-prodaja-stanovanje-4-sobno-ljubljana-center
517056,Ljubljana,Ljubljana,Šiška,4-sobno,4,124.8,2028,915000,7332,https://mojikvadrati.com/nepremicnina/517056-prodaja-stanovanje-4-sobno-ljubljana-siska
517054,Ljubljana,Ljubljana,Šiška,4-sobno,4,221.6,2028,1029000,4644,https://mojikvadrati.com/nepremicnina/517054-prodaja-stanovanje-4-sobno-ljubljana-siska
517053,Ljubljana,Ljubljana,Šiška,3-sobno,3,169.3,2028,822000,4855,https://mojikvadrati.com/nepremicnina/517053-prodaja-stanovanje-3-sobno-ljubljana-siska
516882,Obalno - kraška,Piran,Arze,3-sobno,3,101.9,1961,430000,4220,https://mojikvadrati.com/nepremicnina/516882-prodaja-stanovanje-3-sobno-obalno-kraska-piran
516874,Pomurska,Radenci,Radenci,2-sobno,2,75.8,2024,174843,2307,https://mojikvadrati.com/nepremicnina/516874-prodaja-stanovanje-2-sobno-pomurska-radenci
516848,Obalno - kraška,Piran,Lucija,"2,5-sobno",2.5,64.5,1989,280000,4341,https://mojikvadrati.com/nepremicnina/516848-prodaja-stanovanje-2-5-sobno-obalno-kraska-piran
516626,Ljubljana,Ljubljana,Center,5+ več sobno,5,188.0,,790000,4202,https://mojikvadrati.com/nepremicnina/516626-prodaja-stanovanje-5-vec-sobno-ljubljana-center
516502,Gorenjska,Kranjska Gora,Rateče,2-sobno,2,91.7,2016,297000,3239,https://mojikvadrati.com/nepremicnina/516502-prodaja-stanovanje-2-sobno-gorenjska-kranjska-gora
516149,Obalno - kraška,Koper,,1-sobno,1,67.8,2007,299000,4410,https://mojikvadrati.com/nepremicnina/516149-prodaja-stanovanje-1-sobno-obalno-kraska-koper
516097,Obalno - kraška,Koper,Prade,4-sobno,4,102.1,2009,410000,4016,https://mojikvadrati.com/nepremicnina/516097-prodaja-stanovanje-4-sobno-obalno-kraska-koper
516057,Ljubljana,Ljubljana,Center,4-sobno,4,181.0,1886,870000,4807,https://mojikvadrati.com/nepremicnina/516057-prodaja-stanovanje-4-sobno-ljubljana-center
516028,Ljubljana,Ljubljana,Center,"2,5-sobno",2.5,68.2,1876,630000,9238,https://mojikvadrati.com/nepremicnina/516028-prodaja-stanovanje-2-5-sobno-ljubljana-center
515971,Ljubljana okolica,Kamnik,Kamnik,4-sobno,4,117.8,2028,513000,4355,https://mojikvadrati.com/nepremicnina/515971-prodaja-stanovanje-4-sobno-ljubljana-okolica-kamnik
515951,Ljubljana,Ljubljana,Bežigrad,"3,5-sobno",3.5,96.4,1937,444000,4606,https://mojikvadrati.com/nepremicnina/515951-prodaja-stanovanje-3-5-sobno-ljubljana-bezigrad
515679,Podravska,Maribor,Pekre,2-sobno,2,158.4,2010,280000,1768,https://mojikvadrati.com/nepremicnina/515679-prodaja-stanovanje-2-sobno-podravska-maribor
515670,Podravska,Maribor,Pekre,2-sobno,2,150.9,2010,240000,1590,https://mojikvadrati.com/nepremicnina/515670-prodaja-stanovanje-2-sobno-podravska-maribor
515626,Ljubljana,Ljubljana,Šiška,4-sobno,4,132.0,1913,449000,3402,https://mojikvadrati.com/nepremicnina/515626-prodaja-stanovanje-4-sobno-ljubljana-siska
515611,Ljubljana,Ljubljana,Center,3-sobno,3,98.4,1938,520000,5285,https://mojikvadrati.com/nepremicnina/515611-prodaja-stanovanje-3-sobno-ljubljana-center
515171,Podravska,Ptuj,Center,"2,5-sobno",2.5,82.2,1880,110000,1338,https://mojikvadrati.com/nepremicnina/515171-prodaja-stanovanje-2-5-sobno-podravska-ptuj
515130,Ljubljana,Ljubljana,Center,"2,5-sobno",2.5,72.7,1876,764925,10522,https://mojikvadrati.com/nepremicnina/515130-prodaja-stanovanje-2-5-sobno-ljubljana-center
515126,Ljubljana,Ljubljana,Center,4-sobno,4,133.5,1876,1200500,8993,https://mojikvadrati.com/nepremicnina/515126-prodaja-stanovanje-4-sobno-ljubljana-center
515085,Pomurska,Apače,Apače,3-sobno,3,97.55,2025,234997,2409,https://mojikvadrati.com/nepremicnina/515085-prodaja-stanovanje-3-sobno-pomurska-apace
515029,Pomurska,Apače,Apače,4-sobno,4,158.58,2025,321415,2027,https://mojikvadrati.com/nepremicnina/515029-prodaja-stanovanje-4-sobno-pomurska-apace
514357,Obalno - kraška,Izola,Izola,4-sobno,4,211.0,2025,598000,2834,https://mojikvadrati.com/nepremicnina/514357-prodaja-stanovanje-4-sobno-obalno-kraska-izola
514307,Obalno - kraška,Izola,Izola,3-sobno,3,64.8,1972,320000,4938,https://mojikvadrati.com/nepremicnina/514307-prodaja-stanovanje-3-sobno-obalno-kraska-izola
514265,Ljubljana,Ljubljana,Moste-Polje,3-sobno,3,110.6,2025,545000,4928,https://mojikvadrati.com/nepremicnina/514265-prodaja-stanovanje-3-sobno-ljubljana-moste-polje
513978,Ljubljana,Ljubljana,Center,5+ več sobno,5,176.89,,889000,5026,https://mojikvadrati.com/nepremicnina/513978-prodaja-stanovanje-5-vec-sobno-ljubljana-center
513855,Obalno - kraška,Piran,Center,3-sobno,3,74.3,1880,530000,7133,https://mojikvadrati.com/nepremicnina/513855-prodaja-stanovanje-3-sobno-obalno-kraska-piran
513854,Ljubljana,Ljubljana,Center,3-sobno,3,254.0,1750,557000,2193,https://mojikvadrati.com/nepremicnina/513854-prodaja-stanovanje-3-sobno-ljubljana-center
513751,Obalno - kraška,Piran,Portorož center,3-sobno,3,79.6,1900,358000,4497,https://mojikvadrati.com/nepremicnina/513751-prodaja-stanovanje-3-sobno-obalno-kraska-piran
513680,Obalno - kraška,Piran,,3-sobno,3,52.0,1800,225000,4327,https://mojikvadrati.com/nepremicnina/513680-prodaja-stanovanje-3-sobno-obalno-kraska-piran
513474,Ljubljana okolica,Borovnica,Borovnica,"2,5-sobno",2.5,53.2,1979,240000,4511,https://mojikvadrati.com/nepremicnina/513474-prodaja-stanovanje-2-5-sobno-ljubljana-okolica-borovnica
513450,Gorenjska,Jesenice,Hrušica,3-sobno,3,88.4,1900,253000,2862,https://mojikvadrati.com/nepremicnina/513450-prodaja-stanovanje-3-sobno-gorenjska-jesenice
513221,Ljubljana okolica,Domžale,Domžale,3-sobno,3,82.1,2003,397900,4847,https://mojikvadrati.com/nepremicnina/513221-prodaja-stanovanje-3-sobno-ljubljana-okolica-domzale
513101,Ljubljana okolica,Kamnik,Kamnik,4-sobno,4,158.5,2028,695000,4385,https://mojikvadrati.com/nepremicnina/513101-prodaja-stanovanje-4-sobno-ljubljana-okolica-kamnik
512935,Koroška,Mislinja,Mislinja,3-sobno,3,78.9,2026,217300,2754,https://mojikvadrati.com/nepremicnina/512935-prodaja-stanovanje-3-sobno-koroska-mislinja
512929,Koroška,Mislinja,Mislinja,2-sobno,2,67.4,2026,202300,3001,https://mojikvadrati.com/nepremicnina/512929-prodaja-stanovanje-2-sobno-koroska-mislinja
512881,Ljubljana,Ljubljana,Šiška,3-sobno,3,76.4,1964,385000,5039,https://mojikvadrati.com/nepremicnina/512881-prodaja-stanovanje-3-sobno-ljubljana-siska
512369,Ljubljana,Ljubljana,Center,4-sobno,4,153.8,1630,700000,4551,https://mojikvadrati.com/nepremicnina/512369-prodaja-stanovanje-4-sobno-ljubljana-center
511900,Gorenjska,Kranjska Gora,Belca,5+ več sobno,5,156.0,,459000,2942,https://mojikvadrati.com/nepremicnina/511900-prodaja-stanovanje-5-vec-sobno-gorenjska-kranjska-gora
511879,Goriška,Nova Gorica,Nova Gorica,2-sobno,2,101.8,2027,302198,2969,https://mojikvadrati.com/nepremicnina/511879-prodaja-stanovanje-2-sobno-goriska-nova-gorica
511859,Goriška,Nova Gorica,Nova Gorica,2-sobno,2,66.45,2027,298397,4491,https://mojikvadrati.com/nepremicnina/511859-prodaja-stanovanje-2-sobno-goriska-nova-gorica
511857,Goriška,Nova Gorica,Nova Gorica,2-sobno,2,62.61,2027,286207,4571,https://mojikvadrati.com/nepremicnina/511857-prodaja-stanovanje-2-sobno-goriska-nova-gorica
511855,Goriška,Nova Gorica,Nova Gorica,"2,5-sobno",2.5,70.0,2027,303629,4338,https://mojikvadrati.com/nepremicnina/511855-prodaja-stanovanje-2-5-sobno-goriska-nova-gorica
511854,Goriška,Nova Gorica,Nova Gorica,"2,5-sobno",2.5,67.47,,291150,4315,https://mojikvadrati.com/nepremicnina/511854-prodaja-stanovanje-2-5-sobno-goriska-nova-gorica
511851,Goriška,Nova Gorica,Nova Gorica,2-sobno,2,89.74,2027,273854,3052,https://mojikvadrati.com/nepremicnina/511851-prodaja-stanovanje-2-sobno-goriska-nova-gorica
507579,Obalno - kraška,Piran,Piran/Pirano,2-sobno,2,65.0,1900,350000,5385,https://mojikvadrati.com/nepremicnina/507579-prodaja-stanovanje-2-sobno-obalno-kraska-piran
507451,Pomurska,Rogašovci,Pertoča,3-sobno,3,134.5,1970,19999,149,https://mojikvadrati.com/nepremicnina/507451-prodaja-stanovanje-3-sobno-pomurska-rogasovci
507393,Podravska,Maribor,Tabor,"3,5-sobno",3.5,90.0,1970,260000,2889,https://mojikvadrati.com/nepremicnina/507393-prodaja-stanovanje-3-5-sobno-podravska-maribor
506838,Obalno - kraška,Piran,Center,5+ več sobno,5,107.0,,765000,7150,https://mojikvadrati.com/nepremicnina/506838-prodaja-stanovanje-5-vec-sobno-obalno-kraska-piran
506770,Ljubljana,Ljubljana,Center,"4,5-sobno",4.5,164.2,,1150000,7004,https://mojikvadrati.com/nepremicnina/506770-prodaja-stanovanje-4-5-sobno-ljubljana-center
506744,Ljubljana,Ljubljana,Vič-Rudnik,4-sobno,4,83.2,1938,595000,7151,https://mojikvadrati.com/nepremicnina/506744-prodaja-stanovanje-4-sobno-ljubljana-vic-rudnik
506374,Obalno - kraška,Izola,Jagodje,4-sobno,4,160.0,1988,450000,2812,https://mojikvadrati.com/nepremicnina/506374-prodaja-stanovanje-4-sobno-obalno-kraska-izola
506335,Obalno - kraška,Koper,Center,4-sobno,4,87.7,1700,299000,3409,https://mojikvadrati.com/nepremicnina/506335-prodaja-stanovanje-4-sobno-obalno-kraska-koper
506215,Goriška,Tolmin,Tolmin,3-sobno,3,96.2,2027,251000,2609,https://mojikvadrati.com/nepremicnina/506215-prodaja-stanovanje-3-sobno-goriska-tolmin
506210,Goriška,Tolmin,Tolmin,4-sobno,4,108.1,2027,268000,2479,https://mojikvadrati.com/nepremicnina/506210-prodaja-stanovanje-4-sobno-goriska-tolmin
506088,Goriška,Ajdovščina,Ajdovščina,4-sobno,4,173.7,2027,496400,2858,https://mojikvadrati.com/nepremicnina/506088-prodaja-stanovanje-4-sobno-goriska-ajdovscina
506085,Goriška,Ajdovščina,Ajdovščina,3-sobno,3,148.2,2027,456000,3077,https://mojikvadrati.com/nepremicnina/506085-prodaja-stanovanje-3-sobno-goriska-ajdovscina
506060,Ljubljana,Ljubljana,Moste-Polje,3-sobno,3,110.6,2025,549000,4964,https://mojikvadrati.com/nepremicnina/506060-prodaja-stanovanje-3-sobno-ljubljana-moste-polje
505664,Podravska,Maribor,Center,5+ več sobno,5,200.0,,469000,2345,https://mojikvadrati.com/nepremicnina/505664-prodaja-stanovanje-5-vec-sobno-podravska-maribor
505535,Podravska,Maribor,Zgornje Radvanje,4-sobno,4,134.6,1939,200000,1486,https://mojikvadrati.com/nepremicnina/505535-prodaja-stanovanje-4-sobno-podravska-maribor
505484,Ljubljana,Ljubljana,Šiška,3-sobno,3,147.1,1972,549000,3732,https://mojikvadrati.com/nepremicnina/505484-prodaja-stanovanje-3-sobno-ljubljana-siska
505473,Ljubljana,Ljubljana,Šiška,4-sobno,4,144.8,1972,549000,3791,https://mojikvadrati.com/nepremicnina/505473-prodaja-stanovanje-4-sobno-ljubljana-siska
505465,Ljubljana,Ljubljana,Šiška,4-sobno,4,365.0,1913,469000,1285,https://mojikvadrati.com/nepremicnina/505465-prodaja-stanovanje-4-sobno-ljubljana-siska
505400,Obalno - kraška,Koper,Pobegi,3-sobno,3,78.6,1995,225000,2863,https://mojikvadrati.com/nepremicnina/505400-prodaja-stanovanje-3-sobno-obalno-kraska-koper
501210,Podravska,Maribor,,3-sobno,3,87.7,1979,250000,2851,https://mojikvadrati.com/nepremicnina/501210-prodaja-stanovanje-3-sobno-podravska-maribor
501172,Savinjska,Rogaška Slatina,,3-sobno,3,62.2,1890,70000,1125,https://mojikvadrati.com/nepremicnina/501172-prodaja-stanovanje-3-sobno-savinjska-rogaska-slatina
501086,Ljubljana,Ljubljana,Šiška,4-sobno,4,98.3,1984,365500,3718,https://mojikvadrati.com/nepremicnina/501086-prodaja-stanovanje-4-sobno-ljubljana-siska
501069,Ljubljana,Ljubljana,Bežigrad,4-sobno,4,120.0,1973,410000,3417,https://mojikvadrati.com/nepremicnina/501069-prodaja-stanovanje-4-sobno-ljubljana-bezigrad
500766,Gorenjska,Jesenice,Jesenice,2-sobno,2,71.0,1960,140000,1972,https://mojikvadrati.com/nepremicnina/500766-prodaja-stanovanje-2-sobno-gorenjska-jesenice
500762,Gorenjska,Jesenice,Jesenice,3-sobno,3,69.0,1960,160000,2319,https://mojikvadrati.com/nepremicnina/500762-prodaja-stanovanje-3-sobno-gorenjska-jesenice
500761,Gorenjska,Jesenice,Jesenice,2-sobno,2,68.0,1960,150000,2206,https://mojikvadrati.com/nepremicnina/500761-prodaja-stanovanje-2-sobno-gorenjska-jesenice
500531,Gorenjska,Kranj,Zlato polje,5+ več sobno,5,136.0,,461212,3391,https://mojikvadrati.com/nepremicnina/500531-prodaja-stanovanje-5-vec-sobno-gorenjska-kranj
500480,Obalno - kraška,Piran,Lucija,2-sobno,2,54.4,1976,310000,5699,https://mojikvadrati.com/nepremicnina/500480-prodaja-stanovanje-2-sobno-obalno-kraska-piran
500439,Gorenjska,Kranj,Zlato polje,4-sobno,4,137.0,2025,466587,3406,https://mojikvadrati.com/nepremicnina/500439-prodaja-stanovanje-4-sobno-gorenjska-kranj
500388,Gorenjska,Kranj,Planina II,3-sobno,3,106.0,1983,319000,3009,https://mojikvadrati.com/nepremicnina/500388-prodaja-stanovanje-3-sobno-gorenjska-kranj
500159,Spodnjeposavska,Brežice,Brežice,3-sobno,3,66.3,1962,115000,1735,https://mojikvadrati.com/nepremicnina/500159-prodaja-stanovanje-3-sobno-spodnjeposavska-brezice
499904,Ljubljana,Ljubljana,Vič-Rudnik,5+ več sobno,5,143.07,,499000,3488,https://mojikvadrati.com/nepremicnina/499904-prodaja-stanovanje-5-vec-sobno-ljubljana-vic-rudnik
499384,Ljubljana,Ljubljana,Bežigrad,4-sobno,4,140.81,2028,689000,4893,https://mojikvadrati.com/nepremicnina/499384-prodaja-stanovanje-4-sobno-ljubljana-bezigrad
499314,Ljubljana,Ljubljana,Bežigrad,4-sobno,4,144.67,2028,892254,6168,https://mojikvadrati.com/nepremicnina/499314-prodaja-stanovanje-4-sobno-ljubljana-bezigrad
499305,Ljubljana,Ljubljana,Bežigrad,4-sobno,4,174.63,2028,905667,5186,https://mojikvadrati.com/nepremicnina/499305-prodaja-stanovanje-4-sobno-ljubljana-bezigrad
499299,Ljubljana,Ljubljana,Bežigrad,4-sobno,4,242.86,2028,995392,4099,https://mojikvadrati.com/nepremicnina/499299-prodaja-stanovanje-4-sobno-ljubljana-bezigrad
499273,Ljubljana,Ljubljana,Bežigrad,4-sobno,4,136.45,2028,811827,5950,https://mojikvadrati.com/nepremicnina/499273-prodaja-stanovanje-4-sobno-ljubljana-bezigrad
499255,Ljubljana,Ljubljana,Bežigrad,4-sobno,4,186.24,2028,846771,4547,https://mojikvadrati.com/nepremicnina/499255-prodaja-stanovanje-4-sobno-ljubljana-bezigrad
499240,Ljubljana,Ljubljana,Bežigrad,4-sobno,4,126.32,2028,692371,5481,https://mojikvadrati.com/nepremicnina/499240-prodaja-stanovanje-4-sobno-ljubljana-bezigrad
499239,Ljubljana,Ljubljana,Bežigrad,4-sobno,4,142.52,2028,775715,5443,https://mojikvadrati.com/nepremicnina/499239-prodaja-stanovanje-4-sobno-ljubljana-bezigrad
499206,Ljubljana,Ljubljana,Bežigrad,2-sobno,2,95.6,2028,460054,4812,https://mojikvadrati.com/nepremicnina/499206-prodaja-stanovanje-2-sobno-ljubljana-bezigrad
499202,Ljubljana,Ljubljana,Bežigrad,4-sobno,4,186.02,2028,787468,4233,https://mojikvadrati.com/nepremicnina/499202-prodaja-stanovanje-4-sobno-ljubljana-bezigrad
499176,Ljubljana,Ljubljana,Bežigrad,4-sobno,4,138.22,2028,749158,5420,https://mojikvadrati.com/nepremicnina/499176-prodaja-stanovanje-4-sobno-ljubljana-bezigrad
499172,Ljubljana,Ljubljana,Bežigrad,3-sobno,3,109.67,2028,593192,5409,https://mojikvadrati.com/nepremicnina/499172-prodaja-stanovanje-3-sobno-ljubljana-bezigrad
499100,Ljubljana,Ljubljana,Bežigrad,4-sobno,4,110.79,2028,610824,5513,https://mojikvadrati.com/nepremicnina/499100-prodaja-stanovanje-4-sobno-ljubljana-bezigrad
499097,Ljubljana,Ljubljana,Bežigrad,3-sobno,3,104.0,2028,570257,5483,https://mojikvadrati.com/nepremicnina/499097-prodaja-stanovanje-3-sobno-ljubljana-bezigrad
499027,Ljubljana,Ljubljana,Bežigrad,2-sobno,2,74.25,2028,479000,6451,https://mojikvadrati.com/nepremicnina/499027-prodaja-stanovanje-2-sobno-ljubljana-bezigrad
499005,Ljubljana,Ljubljana,Bežigrad,3-sobno,3,114.91,2028,677676,5897,https://mojikvadrati.com/nepremicnina/499005-prodaja-stanovanje-3-sobno-ljubljana-bezigrad
498887,Pomurska,Apače,Apače,2-sobno,2,55.1,2022,159900,2902,https://mojikvadrati.com/nepremicnina/498887-prodaja-stanovanje-2-sobno-pomurska-apace
498761,Ljubljana,Ljubljana,Bežigrad,3-sobno,3,152.0,2028,725912,4776,https://mojikvadrati.com/nepremicnina/498761-prodaja-stanovanje-3-sobno-ljubljana-bezigrad
498747,Ljubljana,Ljubljana,Bežigrad,3-sobno,3,87.84,2028,549000,6250,https://mojikvadrati.com/nepremicnina/498747-prodaja-stanovanje-3-sobno-ljubljana-bezigrad
498742,Ljubljana,Ljubljana,Bežigrad,4-sobno,4,127.98,2028,738908,5774,https://mojikvadrati.com/nepremicnina/498742-prodaja-stanovanje-4-sobno-ljubljana-bezigrad
498698,Ljubljana,Ljubljana,Bežigrad,3-sobno,3,107.25,2028,641585,5982,https://mojikvadrati.com/nepremicnina/498698-prodaja-stanovanje-3-sobno-ljubljana-bezigrad
498687,Goriška,Tolmin,Tolmin,5+ več sobno,5,140.0,,245000,1750,https://mojikvadrati.com/nepremicnina/498687-prodaja-stanovanje-5-vec-sobno-goriska-tolmin
498677,Ljubljana okolica,Dol pri Ljubljani,Videm,4-sobno,4,104.2,1997,410000,3935,https://mojikvadrati.com/nepremicnina/498677-prodaja-stanovanje-4-sobno-ljubljana-okolica-dol-pri-ljubljani
498568,Ljubljana,Ljubljana,Bežigrad,3-sobno,3,110.11,2028,622326,5652,https://mojikvadrati.com/nepremicnina/498568-prodaja-stanovanje-3-sobno-ljubljana-bezigrad
498528,Ljubljana,Ljubljana,Vič-Rudnik,4-sobno,4,156.5,2009,930000,5942,https://mojikvadrati.com/nepremicnina/498528-prodaja-stanovanje-4-sobno-ljubljana-vic-rudnik
498503,Ljubljana,Ljubljana,Moste-Polje,4-sobno,4,64.7,1944,180000,2782,https://mojikvadrati.com/nepremicnina/498503-prodaja-stanovanje-4-sobno-ljubljana-moste-polje
498474,Ljubljana,Ljubljana,Bežigrad,3-sobno,3,110.61,2028,617549,5583,https://mojikvadrati.com/nepremicnina/498474-prodaja-stanovanje-3-sobno-ljubljana-bezigrad
498406,Ljubljana,Ljubljana,Bežigrad,3-sobno,3,107.01,2028,598399,5592,https://mojikvadrati.com/nepremicnina/498406-prodaja-stanovanje-3-sobno-ljubljana-bezigrad
498396,Ljubljana,Ljubljana,Bežigrad,4-sobno,4,115.98,2028,668445,5763,https://mojikvadrati.com/nepremicnina/498396-prodaja-stanovanje-4-sobno-ljubljana-bezigrad
498375,Ljubljana,Ljubljana,Bežigrad,3-sobno,3,109.81,2028,597153,5438,https://mojikvadrati.com/nepremicnina/498375-prodaja-stanovanje-3-sobno-ljubljana-bezigrad
498371,Ljubljana,Ljubljana,Bežigrad,3-sobno,3,91.47,2028,481623,5265,https://mojikvadrati.com/nepremicnina/498371-prodaja-stanovanje-3-sobno-ljubljana-bezigrad
498314,Podravska,Maribor,Pobrežje,2-sobno,2,73.1,2004,255000,3488,https://mojikvadrati.com/nepremicnina/498314-prodaja-stanovanje-2-sobno-podravska-maribor
498260,Obalno - kraška,Koper,Koper,2-sobno,2,55.0,1972,278000,5055,https://mojikvadrati.com/nepremicnina/498260-prodaja-stanovanje-2-sobno-obalno-kraska-koper
498203,Obalno - kraška,Izola,Malija,1-sobno,1,93.0,2025,510484,5489,https://mojikvadrati.com/nepremicnina/498203-prodaja-stanovanje-1-sobno-obalno-kraska-izola
498201,Obalno - kraška,Izola,Malija,3-sobno,3,152.9,2025,627250,4102,https://mojikvadrati.com/nepremicnina/498201-prodaja-stanovanje-3-sobno-obalno-kraska-izola
498132,Obalno - kraška,Izola,Malija,1-sobno,1,93.0,2025,510484,5489,https://mojikvadrati.com/nepremicnina/498132-prodaja-stanovanje-1-sobno-obalno-kraska-izola
498117,Ljubljana okolica,Grosuplje,Grosuplje,3-sobno,3,165.1,2024,425000,2574,https://mojikvadrati.com/nepremicnina/498117-prodaja-stanovanje-3-sobno-ljubljana-okolica-grosuplje
497791,Obalno - kraška,Izola,Malija,3-sobno,3,152.9,2025,627250,4102,https://mojikvadrati.com/nepremicnina/497791-prodaja-stanovanje-3-sobno-obalno-kraska-izola
497532,Gorenjska,Kranjska Gora,Kranjska Gora,2-sobno,2,56.6,1978,307000,5424,https://mojikvadrati.com/nepremicnina/497532-prodaja-stanovanje-2-sobno-gorenjska-kranjska-gora
497389,Obalno - kraška,Piran,Piran/Pirano,"2,5-sobno",2.5,56.6,1900,314000,5548,https://mojikvadrati.com/nepremicnina/497389-prodaja-stanovanje-2-5-sobno-obalno-kraska-piran
497047,Obalno - kraška,Piran,,2-sobno,2,34.3,1967,245000,7143,https://mojikvadrati.com/nepremicnina/497047-prodaja-stanovanje-2-sobno-obalno-kraska-piran
497039,Podravska,Maribor,Tabor,2-sobno,2,109.2,2025,428400,3923,https://mojikvadrati.com/nepremicnina/497039-prodaja-stanovanje-2-sobno-podravska-maribor
497036,Podravska,Maribor,Tabor,4-sobno,4,133.4,2025,530550,3977,https://mojikvadrati.com/nepremicnina/497036-prodaja-stanovanje-4-sobno-podravska-maribor
495893,Gorenjska,Kranj,Kranj,4-sobno,4,88.9,1964,287000,3228,https://mojikvadrati.com/nepremicnina/495893-prodaja-stanovanje-4-sobno-gorenjska-kranj
495424,Notranjsko - kraška,Postojna,Postojna,"4,5-sobno",4.5,133.4,,299000,2241,https://mojikvadrati.com/nepremicnina/495424-prodaja-stanovanje-4-5-sobno-notranjsko-kraska-postojna
495314,Ljubljana okolica,Grosuplje,Grosuplje,2-sobno,2,56.7,1970,150000,2646,https://mojikvadrati.com/nepremicnina/495314-prodaja-stanovanje-2-sobno-ljubljana-okolica-grosuplje
541000,Podravska,Maribor,Tabor,3-sobno,3,73.9,1936,229000,3099,https://mojikvadrati.com/nepremicnina/541000-prodaja-stanovanje-3-sobno-podravska-maribor
494112,Podravska,Maribor,Tabor,3-sobno,3,105.0,1936,239000,2276,https://mojikvadrati.com/nepremicnina/494112-prodaja-stanovanje-3-sobno-podravska-maribor
494096,Savinjska,Šoštanj,Šoštanj,3-sobno,3,96.7,1820,160000,1655,https://mojikvadrati.com/nepremicnina/494096-prodaja-stanovanje-3-sobno-savinjska-sostanj
536184,Savinjska,Šoštanj,Šoštanj,3-sobno,3,96.7,1820,160000,1655,https://mojikvadrati.com/nepremicnina/536184-prodaja-stanovanje-3-sobno-savinjska-sostanj
494013,Gorenjska,Tržič,Tržič,2-sobno,2,44.1,1959,170000,3855,https://mojikvadrati.com/nepremicnina/494013-prodaja-stanovanje-2-sobno-gorenjska-trzic
493583,Savinjska,Celje,Trnovlje pri Celju,"4,5-sobno",4.5,164.9,,2050,12,https://mojikvadrati.com/nepremicnina/493583-prodaja-stanovanje-4-5-sobno-savinjska-celje
493310,Gorenjska,Kranjska Gora,Kranjska Gora,5+ več sobno,5,156.0,,459000,2942,https://mojikvadrati.com/nepremicnina/493310-prodaja-stanovanje-5-vec-sobno-gorenjska-kranjska-gora
493209,Obalno - kraška,Piran,Lucija,2-sobno,2,74.4,2005,490000,6586,https://mojikvadrati.com/nepremicnina/493209-prodaja-stanovanje-2-sobno-obalno-kraska-piran
493179,Obalno - kraška,Koper,Semedela,4-sobno,4,162.3,2007,690000,4251,https://mojikvadrati.com/nepremicnina/493179-prodaja-stanovanje-4-sobno-obalno-kraska-koper
492669,Ljubljana okolica,Ivančna Gorica,Višnja Gora,3-sobno,3,85.4,1972,279000,3267,https://mojikvadrati.com/nepremicnina/492669-prodaja-stanovanje-3-sobno-ljubljana-okolica-ivancna-gorica
492667,Ljubljana okolica,Ivančna Gorica,Višnja Gora,3-sobno,3,86.5,1972,267000,3087,https://mojikvadrati.com/nepremicnina/492667-prodaja-stanovanje-3-sobno-ljubljana-okolica-ivancna-gorica
492319,Gorenjska,Kranj,Kranj,4-sobno,4,102.65,2026,475513,4632,https://mojikvadrati.com/nepremicnina/492319-prodaja-stanovanje-4-sobno-gorenjska-kranj
491913,Obalno - kraška,Koper,Koper,4-sobno,4,109.1,1985,440000,4033,https://mojikvadrati.com/nepremicnina/491913-prodaja-stanovanje-4-sobno-obalno-kraska-koper
491600,Pomurska,Radenci,Radenci,4-sobno,4,121.96,2025,264631,2170,https://mojikvadrati.com/nepremicnina/491600-prodaja-stanovanje-4-sobno-pomurska-radenci
491370,Gorenjska,Kranj,Kranj,4-sobno,4,131.5,1925,338000,2570,https://mojikvadrati.com/nepremicnina/491370-prodaja-stanovanje-4-sobno-gorenjska-kranj
491338,Gorenjska,Kranj,Planina III,1-sobno,1,47.0,1986,229000,4872,https://mojikvadrati.com/nepremicnina/491338-prodaja-stanovanje-1-sobno-gorenjska-kranj
490801,Ljubljana,Ljubljana,Center,3-sobno,3,97.6,1780,750000,7684,https://mojikvadrati.com/nepremicnina/490801-prodaja-stanovanje-3-sobno-ljubljana-center
490756,Ljubljana,Ljubljana,Center,Garsonjera,0.5,24.8,,211000,8508,https://mojikvadrati.com/nepremicnina/490756-prodaja-stanovanje-garsonjera-ljubljana-center
489167,Obalno - kraška,Piran,Lucija,3-sobno,3,127.8,2007,650000,5086,https://mojikvadrati.com/nepremicnina/489167-prodaja-stanovanje-3-sobno-obalno-kraska-piran
484144,Obalno - kraška,Koper,Prisoje,5+ več sobno,5,123.56,,370000,2994,https://mojikvadrati.com/nepremicnina/484144-prodaja-stanovanje-5-vec-sobno-obalno-kraska-koper
483618,Podravska,Maribor,Koroška vrata,1-sobno,1,26.8,1967,99000,3694,https://mojikvadrati.com/nepremicnina/483618-prodaja-stanovanje-1-sobno-podravska-maribor
483145,Savinjska,Slovenske Konjice,Slovenske Konjice,2-sobno,2,139.7,1800,160000,1145,https://mojikvadrati.com/nepremicnina/483145-prodaja-stanovanje-2-sobno-savinjska-slovenske-konjice
482831,Podravska,Maribor,Maribor,4-sobno,4,163.9,1910,680000,4149,https://mojikvadrati.com/nepremicnina/482831-prodaja-stanovanje-4-sobno-podravska-maribor
481983,Ljubljana,Ljubljana,Moste-Polje,5+ več sobno,5,214.0,,989000,4621,https://mojikvadrati.com/nepremicnina/481983-prodaja-stanovanje-5-vec-sobno-ljubljana-moste-polje
481049,Ljubljana,Ljubljana,Center,2-sobno,2,80.1,2022,1150000,14357,https://mojikvadrati.com/nepremicnina/481049-prodaja-stanovanje-2-sobno-ljubljana-center
480680,Obalno - kraška,Piran,Piran/Pirano,2-sobno,2,56.2,1900,315000,5605,https://mojikvadrati.com/nepremicnina/480680-prodaja-stanovanje-2-sobno-obalno-kraska-piran
480648,Ljubljana,Ljubljana,Vič-Rudnik,3-sobno,3,72.3,2025,399000,5519,https://mojikvadrati.com/nepremicnina/480648-prodaja-stanovanje-3-sobno-ljubljana-vic-rudnik
480644,Ljubljana,Ljubljana,Vič-Rudnik,1-sobno,1,39.9,2025,259000,6491,https://mojikvadrati.com/nepremicnina/480644-prodaja-stanovanje-1-sobno-ljubljana-vic-rudnik
480640,Ljubljana,Ljubljana,Vič-Rudnik,3-sobno,3,71.2,2025,399000,5604,https://mojikvadrati.com/nepremicnina/480640-prodaja-stanovanje-3-sobno-ljubljana-vic-rudnik
480636,Ljubljana,Ljubljana,Vič-Rudnik,2-sobno,2,58.1,2025,349000,6007,https://mojikvadrati.com/nepremicnina/480636-prodaja-stanovanje-2-sobno-ljubljana-vic-rudnik
480635,Ljubljana,Ljubljana,Vič-Rudnik,3-sobno,3,72.7,2025,399000,5488,https://mojikvadrati.com/nepremicnina/480635-prodaja-stanovanje-3-sobno-ljubljana-vic-rudnik
480634,Ljubljana,Ljubljana,Vič-Rudnik,3-sobno,3,70.9,2025,396000,5585,https://mojikvadrati.com/nepremicnina/480634-prodaja-stanovanje-3-sobno-ljubljana-vic-rudnik
480618,Ljubljana,Ljubljana,Vič-Rudnik,3-sobno,3,72.4,2025,399000,5511,https://mojikvadrati.com/nepremicnina/480618-prodaja-stanovanje-3-sobno-ljubljana-vic-rudnik
480228,Ljubljana,Ljubljana,Center,4-sobno,4,150.0,2022,1449000,9660,https://mojikvadrati.com/nepremicnina/480228-prodaja-stanovanje-4-sobno-ljubljana-center
479903,Podravska,Maribor,Pekre,2-sobno,2,150.9,2010,240000,1590,https://mojikvadrati.com/nepremicnina/479903-prodaja-stanovanje-2-sobno-podravska-maribor
479901,Ljubljana,Ljubljana,Center,4-sobno,4,134.2,1895,849000,6326,https://mojikvadrati.com/nepremicnina/479901-prodaja-stanovanje-4-sobno-ljubljana-center
479347,Gorenjska,Kranjska Gora,Kranjska Gora,2-sobno,2,50.2,1900,249000,4960,https://mojikvadrati.com/nepremicnina/479347-prodaja-stanovanje-2-sobno-gorenjska-kranjska-gora
478708,Pomurska,Apače,Apače,3-sobno,3,75.7,2025,186830,2468,https://mojikvadrati.com/nepremicnina/478708-prodaja-stanovanje-3-sobno-pomurska-apace
478680,Obalno - kraška,Piran,Portorož,"2,5-sobno",2.5,44.0,1900,315000,7159,https://mojikvadrati.com/nepremicnina/478680-prodaja-stanovanje-2-5-sobno-obalno-kraska-piran
478393,Podravska,Maribor,Tabor,3-sobno,3,83.32,1928,86900,1043,https://mojikvadrati.com/nepremicnina/478393-prodaja-stanovanje-3-sobno-podravska-maribor
477432,Goriška,Ajdovščina,Ajdovščina,3-sobno,3,108.5,2026,321060,2959,https://mojikvadrati.com/nepremicnina/477432-prodaja-stanovanje-3-sobno-goriska-ajdovscina
477431,Goriška,Ajdovščina,Ajdovščina,3-sobno,3,108.3,2026,320460,2959,https://mojikvadrati.com/nepremicnina/477431-prodaja-stanovanje-3-sobno-goriska-ajdovscina
477190,Gorenjska,Tržič,Tržič,3-sobno,3,122.3,1948,228000,1864,https://mojikvadrati.com/nepremicnina/477190-prodaja-stanovanje-3-sobno-gorenjska-trzic
476758,Ljubljana,Ljubljana,Moste-Polje,"1,5-sobno",1.5,43.9,1987,280000,6378,https://mojikvadrati.com/nepremicnina/476758-prodaja-stanovanje-1-5-sobno-ljubljana-moste-polje
475800,Pomurska,Lendava,Lendava,3-sobno,3,84.4,1979,139000,1647,https://mojikvadrati.com/nepremicnina/475800-prodaja-stanovanje-3-sobno-pomurska-lendava
474107,Ljubljana,Ljubljana,Center,4-sobno,4,104.0,1904,579000,5567,https://mojikvadrati.com/nepremicnina/474107-prodaja-stanovanje-4-sobno-ljubljana-center
473897,Podravska,Maribor,Zgornje Radvanje,2-sobno,2,66.9,2005,245000,3662,https://mojikvadrati.com/nepremicnina/473897-prodaja-stanovanje-2-sobno-podravska-maribor
473808,Pomurska,Apače,Apače,3-sobno,3,95.14,2025,230656,2424,https://mojikvadrati.com/nepremicnina/473808-prodaja-stanovanje-3-sobno-pomurska-apace
473654,Pomurska,Radenci,Radenci,2-sobno,2,73.43,2024,159514,2172,https://mojikvadrati.com/nepremicnina/473654-prodaja-stanovanje-2-sobno-pomurska-radenci
473378,Ljubljana,Ljubljana,Vič-Rudnik,4-sobno,4,97.1,2026,764321,7871,https://mojikvadrati.com/nepremicnina/473378-prodaja-stanovanje-4-sobno-ljubljana-vic-rudnik
473377,Ljubljana,Ljubljana,Vič-Rudnik,4-sobno,4,99.3,2026,770972,7764,https://mojikvadrati.com/nepremicnina/473377-prodaja-stanovanje-4-sobno-ljubljana-vic-rudnik
473376,Ljubljana,Ljubljana,Vič-Rudnik,3-sobno,3,151.7,2026,581157,3831,https://mojikvadrati.com/nepremicnina/473376-prodaja-stanovanje-3-sobno-ljubljana-vic-rudnik
473277,Obalno - kraška,Piran,Center,Garsonjera,0.5,20.0,1900,189000,9450,https://mojikvadrati.com/nepremicnina/473277-prodaja-stanovanje-garsonjera-obalno-kraska-piran
473272,Gorenjska,Šenčur,Prebačevo,4-sobno,4,154.8,1985,239000,1544,https://mojikvadrati.com/nepremicnina/473272-prodaja-stanovanje-4-sobno-gorenjska-sencur
472703,Pomurska,Apače,Apače,4-sobno,4,105.2,2025,263926,2509,https://mojikvadrati.com/nepremicnina/472703-prodaja-stanovanje-4-sobno-pomurska-apace
472580,Ljubljana,Ljubljana,Vič-Rudnik,3-sobno,3,115.06,2026,891099,7745,https://mojikvadrati.com/nepremicnina/472580-prodaja-stanovanje-3-sobno-ljubljana-vic-rudnik
472573,Ljubljana,Ljubljana,Vič-Rudnik,3-sobno,3,137.66,2026,1146387,8328,https://mojikvadrati.com/nepremicnina/472573-prodaja-stanovanje-3-sobno-ljubljana-vic-rudnik
472362,Ljubljana,Ljubljana,Vič-Rudnik,3-sobno,3,117.16,2026,935513,7985,https://mojikvadrati.com/nepremicnina/472362-prodaja-stanovanje-3-sobno-ljubljana-vic-rudnik
471689,Ljubljana,Ljubljana,Center,2-sobno,2,56.0,1906,290000,5179,https://mojikvadrati.com/nepremicnina/471689-prodaja-stanovanje-2-sobno-ljubljana-center
470302,Obalno - kraška,Piran,,4-sobno,4,97.0,1996,375000,3866,https://mojikvadrati.com/nepremicnina/470302-prodaja-stanovanje-4-sobno-obalno-kraska-piran
491512,Obalno - kraška,Piran,,3-sobno,3,60.0,1890,475000,7917,https://mojikvadrati.com/nepremicnina/491512-prodaja-stanovanje-3-sobno-obalno-kraska-piran
491547,Obalno - kraška,Piran,Lucija,2-sobno,2,66.0,2005,350000,5303,https://mojikvadrati.com/nepremicnina/491547-prodaja-stanovanje-2-sobno-obalno-kraska-piran
469659,Obalno - kraška,Piran,Sečovlje,3-sobno,3,62.8,1900,264000,4204,https://mojikvadrati.com/nepremicnina/469659-prodaja-stanovanje-3-sobno-obalno-kraska-piran
468458,Jugovzhodna Slovenija,Novo mesto,Novo mesto,3-sobno,3,103.0,1962,223000,2165,https://mojikvadrati.com/nepremicnina/468458-prodaja-stanovanje-3-sobno-jugovzhodna-slovenija-novo-mesto
468126,Obalno - kraška,Izola,Izola,2-sobno,2,56.1,1996,290000,5169,https://mojikvadrati.com/nepremicnina/468126-prodaja-stanovanje-2-sobno-obalno-kraska-izola
467996,Pomurska,Radenci,Radenci,4-sobno,4,128.4,2024,264631,2061,https://mojikvadrati.com/nepremicnina/467996-prodaja-stanovanje-4-sobno-pomurska-radenci
467989,Pomurska,Radenci,Radenci,2-sobno,2,77.9,2024,174824,2244,https://mojikvadrati.com/nepremicnina/467989-prodaja-stanovanje-2-sobno-pomurska-radenci
467988,Pomurska,Radenci,Radenci,2-sobno,2,77.3,2024,176936,2289,https://mojikvadrati.com/nepremicnina/467988-prodaja-stanovanje-2-sobno-pomurska-radenci
467448,Obalno - kraška,Piran,Center,3-sobno,3,78.4,1840,298000,3801,https://mojikvadrati.com/nepremicnina/467448-prodaja-stanovanje-3-sobno-obalno-kraska-piran
540985,Podravska,Maribor,Studenci,3-sobno,3,101.19,2024,295475,2920,https://mojikvadrati.com/nepremicnina/540985-prodaja-stanovanje-3-sobno-podravska-maribor
540984,Podravska,Maribor,Studenci,3-sobno,3,127.6,2024,395483,3099,https://mojikvadrati.com/nepremicnina/540984-prodaja-stanovanje-3-sobno-podravska-maribor
465619,Obalno - kraška,Piran,Portorož,2-sobno,2,43.8,1900,315000,7192,https://mojikvadrati.com/nepremicnina/465619-prodaja-stanovanje-2-sobno-obalno-kraska-piran
450936,Ljubljana,Ljubljana,Center,4-sobno,4,276.7,1456,1190000,4301,https://mojikvadrati.com/nepremicnina/450936-prodaja-stanovanje-4-sobno-ljubljana-center
450902,Obalno - kraška,Piran,Piran/Pirano,3-sobno,3,56.2,1900,315000,5605,https://mojikvadrati.com/nepremicnina/450902-prodaja-stanovanje-3-sobno-obalno-kraska-piran
474717,Obalno - kraška,Piran,Sv. Peter,1-sobno,1,33.0,1900,179000,5424,https://mojikvadrati.com/nepremicnina/474717-prodaja-stanovanje-1-sobno-obalno-kraska-piran
452044,Obalno - kraška,Piran,Center,1-sobno,1,26.5,1900,239000,9019,https://mojikvadrati.com/nepremicnina/452044-prodaja-stanovanje-2-sobno
447982,Ljubljana,Ljubljana,Vič-Rudnik,3-sobno,3,140.97,2024,1053000,7470,https://mojikvadrati.com/nepremicnina/447982-prodaja-stanovanje-3-sobno-ljubljana-vic-rudnik
447662,Obalno - kraška,Piran,Center,"3,5-sobno",3.5,111.4,,250000,2244,https://mojikvadrati.com/nepremicnina/447662-prodaja-stanovanje-3-5-sobno-obalno-kraska-piran
447195,Pomurska,Apače,Žepovci,3-sobno,3,72.9,1860,97000,1331,https://mojikvadrati.com/nepremicnina/447195-prodaja-stanovanje-3-sobno-pomurska-apace
446751,Podravska,Maribor,Tezno,3-sobno,3,108.5,2008,259000,2387,https://mojikvadrati.com/nepremicnina/446751-prodaja-stanovanje-3-sobno-podravska-maribor
446548,Ljubljana,Ljubljana,Center,"4,5-sobno",4.5,157.2,,1150000,7316,https://mojikvadrati.com/nepremicnina/446548-prodaja-stanovanje-4-5-sobno-ljubljana-center
445312,Obalno - kraška,Piran,Piran/Pirano,2-sobno,2,67.0,1900,550000,8209,https://mojikvadrati.com/nepremicnina/445312-prodaja-stanovanje-2-sobno-obalno-kraska-piran
445202,Obalno - kraška,Piran,Piran/Pirano,Garsonjera,0.5,30.0,1990,199000,6633,https://mojikvadrati.com/nepremicnina/445202-prodaja-stanovanje-garsonjera-obalno-kraska-piran
444703,Ljubljana,Ljubljana,Bežigrad,3-sobno,3,141.8,1925,330000,2327,https://mojikvadrati.com/nepremicnina/444703-prodaja-stanovanje-3-sobno-ljubljana-bezigrad
444408,Ljubljana okolica,Domžale,Mala Loka,3-sobno,3,82.1,2003,328000,3995,https://mojikvadrati.com/nepremicnina/444408-prodaja-stanovanje-3-sobno-ljubljana-okolica-domzale
440763,Obalno - kraška,Piran,Portorož,Garsonjera,0.5,17.5,,180000,10286,https://mojikvadrati.com/nepremicnina/440763-prodaja-stanovanje-garsonjera-obalno-kraska-piran
440681,Zasavska,Hrastnik,Hrastnik,3-sobno,3,72.03,2024,182604,2535,https://mojikvadrati.com/nepremicnina/440681-prodaja-stanovanje-3-sobno-zasavska-hrastnik
440680,Zasavska,Hrastnik,Hrastnik,3-sobno,3,89.22,2024,234606,2630,https://mojikvadrati.com/nepremicnina/440680-prodaja-stanovanje-3-sobno-zasavska-hrastnik
452865,Ljubljana okolica,Medvode,Medvode,3-sobno,3,111.6,2019,578000,5179,https://mojikvadrati.com/nepremicnina/452865-prodaja-stanovanje-3-sobno-ljubljana-okolica-medvode
438664,Ljubljana,Ljubljana,Center,4-sobno,4,184.3,1600,2100000,11394,https://mojikvadrati.com/nepremicnina/438664-prodaja-stanovanje-4-sobno-ljubljana-center
436087,Ljubljana,Ljubljana,Center,2-sobno,2,76.9,2005,499000,6489,https://mojikvadrati.com/nepremicnina/436087-prodaja-stanovanje-2-sobno-ljubljana-center
436076,Podravska,Maribor,Studenci,3-sobno,3,80.4,2022,398000,4950,https://mojikvadrati.com/nepremicnina/436076-prodaja-stanovanje-3-sobno-podravska-maribor
433564,Obalno - kraška,Piran,,3-sobno,3,69.0,1800,340000,4928,https://mojikvadrati.com/nepremicnina/433564-prodaja-stanovanje-3-sobno-obalno-kraska-piran
433226,Ljubljana,Ljubljana,Bežigrad,4-sobno,4,123.81,2024,695266,5616,https://mojikvadrati.com/nepremicnina/433226-prodaja-stanovanje-4-sobno-ljubljana-bezigrad
433098,Ljubljana okolica,Vrhnika,Vrhnika,4-sobno,4,106.0,2027,449000,4236,https://mojikvadrati.com/nepremicnina/433098-prodaja-stanovanje-4-sobno-ljubljana-okolica-vrhnika
432584,Savinjska,Celje,,4-sobno,4,162.6,1800,280000,1722,https://mojikvadrati.com/nepremicnina/432584-prodaja-stanovanje-4-sobno-savinjska-celje
429096,Pomurska,Radenci,Boračeva,3-sobno,3,52.3,1959,23000,440,https://mojikvadrati.com/nepremicnina/429096-prodaja-stanovanje-3-sobno-pomurska-radenci
429033,Obalno - kraška,Koper,Koper,2-sobno,2,54.0,1980,340000,6296,https://mojikvadrati.com/nepremicnina/429033-prodaja-stanovanje-2-sobno-obalno-kraska-koper
428784,Ljubljana,Ljubljana,Šiška,4-sobno,4,239.3,2023,950000,3970,https://mojikvadrati.com/nepremicnina/428784-prodaja-stanovanje-4-sobno-ljubljana-siska
428782,Ljubljana,Ljubljana,Šiška,4-sobno,4,239.3,2023,850000,3552,https://mojikvadrati.com/nepremicnina/428782-prodaja-stanovanje-4-sobno-ljubljana-siska
428728,Ljubljana,Ljubljana,Šiška,3-sobno,3,206.99,2023,595000,2875,https://mojikvadrati.com/nepremicnina/428728-prodaja-stanovanje-3-sobno-ljubljana-siska
426272,Ljubljana,Ljubljana,Center,"4,5-sobno",4.5,138.15,,1230000,8903,https://mojikvadrati.com/nepremicnina/426272-prodaja-stanovanje-4-5-sobno-ljubljana-center
426006,Obalno - kraška,Piran,Center,Garsonjera,0.5,20.0,1900,189000,9450,https://mojikvadrati.com/nepremicnina/426006-prodaja-stanovanje-garsonjera-obalno-kraska-piran
425470,Ljubljana,Ljubljana,Center,4-sobno,4,166.4,2021,1500000,9014,https://mojikvadrati.com/nepremicnina/425470-prodaja-stanovanje-4-sobno-ljubljana-center
420538,Ljubljana okolica,Medvode,Medvode,5+ več sobno,5,330.0,,595000,1803,https://mojikvadrati.com/nepremicnina/420538-prodaja-stanovanje-5-vec-sobno-ljubljana-okolica-medvode
408667,Ljubljana,Ljubljana,Center,3-sobno,3,117.5,1775,760000,6468,https://mojikvadrati.com/nepremicnina/408667-prodaja-stanovanje-3-sobno-ljubljana-center
394838,Ljubljana,Ljubljana,Vič-Rudnik,3-sobno,3,138.4,2025,1050000,7587,https://mojikvadrati.com/nepremicnina/394838-prodaja-stanovanje-3-sobno-ljubljana-vic-rudnik
394835,Ljubljana,Ljubljana,Vič-Rudnik,3-sobno,3,138.2,2024,1053000,7619,https://mojikvadrati.com/nepremicnina/394835-prodaja-stanovanje-3-sobno-ljubljana-vic-rudnik
373365,Ljubljana,Ljubljana,Center,"4,5-sobno",4.5,134.2,,858900,6400,https://mojikvadrati.com/nepremicnina/373365-prodaja-stanovanje-4-5-sobno-ljubljana-center
370640,Gorenjska,Kranj,Kranj,"3,5-sobno",3.5,121.0,1967,189000,1562,https://mojikvadrati.com/nepremicnina/370640-prodaja-stanovanje-3-5-sobno-gorenjska-kranj
362401,Obalno - kraška,Piran,,3-sobno,3,70.0,1920,350000,5000,https://mojikvadrati.com/nepremicnina/362401-prodaja-stanovanje-3-sobno-obalno-kraska-piran
356730,Gorenjska,Kranj,Center,4-sobno,4,126.0,,342640,2719,https://mojikvadrati.com/nepremicnina/356730-prodaja-stanovanje-4-sobno-gorenjska-kranj
356716,Gorenjska,Kranj,Center,4-sobno,4,123.9,,321000,2591,https://mojikvadrati.com/nepremicnina/356716-prodaja-stanovanje-4-sobno-gorenjska-kranj
393502,Ljubljana okolica,Ivančna Gorica,Malo Globoko,3-sobno,3,107.4,1975,179000,1667,https://mojikvadrati.com/nepremicnina/393502-prodaja-stanovanje-3-sobno-ljubljana-okolica-ivancna-gorica
403290,Ljubljana,Ljubljana,Bežigrad,3-sobno,3,107.4,1936,550000,5121,https://mojikvadrati.com/nepremicnina/403290-prodaja-stanovanje-3-sobno-ljubljana-bezigrad
323886,Ljubljana,Ljubljana,Center,4-sobno,4,190.9,1936,492000,2577,https://mojikvadrati.com/nepremicnina/323886-prodaja-stanovanje-4-sobno-ljubljana-center
454854,Ljubljana,Ljubljana,Center,"4,5-sobno",4.5,197.0,1800,595000,3020,https://mojikvadrati.com/nepremicnina/454854-prodaja-stanovanje-4-5-sobno-ljubljana-center
300238,Ljubljana okolica,Medvode,Preska,3-sobno,3,156.7,2019,593567,3788,https://mojikvadrati.com/nepremicnina/300238-prodaja-stanovanje-3-sobno-ljubljana-okolica-medvode
300232,Ljubljana okolica,Medvode,Preska,3-sobno,3,163.8,2019,598747,3655,https://mojikvadrati.com/nepremicnina/300232-prodaja-stanovanje-3-sobno-ljubljana-okolica-medvode
300223,Ljubljana okolica,Medvode,Preska,3-sobno,3,331.7,2019,1326994,4001,https://mojikvadrati.com/nepremicnina/300223-prodaja-stanovanje-3-sobno-ljubljana-okolica-medvode
300206,Ljubljana okolica,Medvode,Preska,3-sobno,3,164.3,2019,596912,3633,https://mojikvadrati.com/nepremicnina/300206-prodaja-stanovanje-3-sobno-ljubljana-okolica-medvode
300203,Ljubljana okolica,Medvode,Preska,3-sobno,3,162.8,2019,593855,3648,https://mojikvadrati.com/nepremicnina/300203-prodaja-stanovanje-3-sobno-ljubljana-okolica-medvode
300112,Ljubljana okolica,Medvode,Preska,3-sobno,3,156.0,2019,591339,3791,https://mojikvadrati.com/nepremicnina/300112-prodaja-stanovanje-3-sobno-ljubljana-okolica-medvode
266417,Notranjsko - kraška,Cerknica,Rakek,5+ več sobno,5,660.0,,390,1,https://mojikvadrati.com/nepremicnina/266417-prodaja-stanovanje-5-vec-sobno-notranjsko-kraska-cerknica
196427,Obalno - kraška,Piran,,3-sobno,3,53.4,1900,360000,6742,https://mojikvadrati.com/nepremicnina/196427-prodaja-stanovanje-3-sobno-obalno-kraska-piran
454772,Podravska,Maribor,Studenci,4-sobno,4,193.4,2005,455500,2355,https://mojikvadrati.com/nepremicnina/454772-prodaja-stanovanje-4-sobno-podravska-maribor
499708,Podravska,Maribor,Center,2-sobno,2,48.3,1870,265650,5500,https://mojikvadrati.com/nepremicnina/499708-prodaja-stanovanje-2-sobno-podravska-maribor
507806,Obalno - kraška,Sežana,Sežana,3-sobno,3,71.24,2005,222000,3116,https://mojikvadrati.com/nepremicnina/507806-prodaja-stanovanje-3-sobno-obalno-kraska-sezana
513164,Ljubljana,Ljubljana,Moste-Polje,4-sobno,4,68.6,1961,375000,5466,https://mojikvadrati.com/nepremicnina/513164-prodaja-stanovanje-4-sobno-ljubljana-moste-polje
514413,Obalno - kraška,Piran,Lucija,4-sobno,4,89.5,1987,389000,4346,https://mojikvadrati.com/nepremicnina/514413-prodaja-stanovanje-4-sobno-obalno-kraska-piran
514730,Goriška,Idrija,Idrija,2-sobno,2,55.0,1973,125000,2273,https://mojikvadrati.com/nepremicnina/514730-prodaja-stanovanje-2-sobno-goriska-idrija
516382,Podravska,Pesnica,Ranca,3-sobno,3,166.9,1960,110000,659,https://mojikvadrati.com/nepremicnina/516382-prodaja-stanovanje-3-sobno-podravska-pesnica
516383,Podravska,Pesnica,Ranca,3-sobno,3,154.5,1960,130000,841,https://mojikvadrati.com/nepremicnina/516383-prodaja-stanovanje-3-sobno-podravska-pesnica
516819,Ljubljana,Ljubljana,Šiška,3-sobno,3,115.0,1970,279000,2426,https://mojikvadrati.com/nepremicnina/516819-prodaja-stanovanje-3-sobno-ljubljana-siska
518420,Obalno - kraška,Piran,Portorož,2-sobno,2,56.0,1972,290000,5179,https://mojikvadrati.com/nepremicnina/518420-prodaja-stanovanje-2-sobno-obalno-kraska-piran
518749,Ljubljana okolica,Logatec,Logatec,"3,5-sobno",3.5,197.0,1992,285000,1447,https://mojikvadrati.com/nepremicnina/518749-prodaja-stanovanje-3-5-sobno-ljubljana-okolica-logatec
520420,Gorenjska,Jesenice,Jesenice,3-sobno,3,67.5,1968,189000,2800,https://mojikvadrati.com/nepremicnina/520420-prodaja-stanovanje-3-sobno-gorenjska-jesenice
520660,Obalno - kraška,Izola,Jagodje,4-sobno,4,153.0,2008,650000,4248,https://mojikvadrati.com/nepremicnina/520660-prodaja-stanovanje-4-sobno-obalno-kraska-izola
520882,Pomurska,Moravske Toplice,Moravske Toplice,Garsonjera,0.5,47.1,,149000,3163,https://mojikvadrati.com/nepremicnina/520882-prodaja-stanovanje-garsonjera-pomurska-moravske-toplice
521234,Ljubljana,Ljubljana,Center,4-sobno,4,112.0,1909,589000,5259,https://mojikvadrati.com/nepremicnina/521234-prodaja-stanovanje-4-sobno-ljubljana-center
521350,Ljubljana,Ljubljana,Bežigrad,5+ več sobno,5,205.0,,1180000,5756,https://mojikvadrati.com/nepremicnina/521350-prodaja-stanovanje-5-vec-sobno-ljubljana-bezigrad
523662,Goriška,Šempeter - Vrtojba,Šempeter pri Gorici,"2,5-sobno",2.5,139.0,1964,180000,1295,https://mojikvadrati.com/nepremicnina/523662-prodaja-stanovanje-2-5-sobno-goriska-sempeter-vrtojba
526015,Ljubljana,Ljubljana,Center,5+ več sobno,5,325.0,,1490000,4585,https://mojikvadrati.com/nepremicnina/526015-prodaja-stanovanje-5-vec-sobno-ljubljana-center
526376,Jugovzhodna Slovenija,Novo mesto,Novo mesto,4-sobno,4,188.11,2024,583422,3101,https://mojikvadrati.com/nepremicnina/526376-prodaja-stanovanje-4-sobno-jugovzhodna-slovenija-novo-mesto
526959,Jugovzhodna Slovenija,Straža,Straža,4-sobno,4,115.2,1954,255000,2214,https://mojikvadrati.com/nepremicnina/526959-prodaja-stanovanje-4-sobno-jugovzhodna-slovenija-straza
527083,Obalno - kraška,Izola,Izola,2-sobno,2,56.1,1996,290000,5169,https://mojikvadrati.com/nepremicnina/527083-prodaja-stanovanje-2-sobno-obalno-kraska-izola
527234,Obalno - kraška,Piran,Lucija,4-sobno,4,70.0,1982,365000,5214,https://mojikvadrati.com/nepremicnina/527234-prodaja-stanovanje-4-sobno-obalno-kraska-piran
527237,Obalno - kraška,Piran,Portorož,2-sobno,2,45.0,1900,275000,6111,https://mojikvadrati.com/nepremicnina/527237-prodaja-stanovanje-2-sobno-obalno-kraska-piran
527557,Ljubljana okolica,Lukovica,Lukovica pri Domžalah,4-sobno,4,172.0,1883,155000,901,https://mojikvadrati.com/nepremicnina/527557-prodaja-stanovanje-4-sobno-ljubljana-okolica-lukovica
527935,Savinjska,Rogaška Slatina,Rogaška Slatina,Garsonjera,0.5,30.58,,105000,3434,https://mojikvadrati.com/nepremicnina/527935-prodaja-stanovanje-garsonjera-savinjska-rogaska-slatina
528113,Savinjska,Celje,Celje,1-sobno,1,36.0,1850,110000,3056,https://mojikvadrati.com/nepremicnina/528113-prodaja-stanovanje-1-sobno-savinjska-celje
528553,Obalno - kraška,Piran,Lucija,1-sobno,1,42.1,1987,262000,6223,https://mojikvadrati.com/nepremicnina/528553-prodaja-stanovanje-1-sobno-obalno-kraska-piran
528604,Podravska,Maribor,Center,2-sobno,2,61.9,1903,170000,2746,https://mojikvadrati.com/nepremicnina/528604-prodaja-stanovanje-2-sobno-podravska-maribor
529156,Ljubljana okolica,Domžale,Škrjančevo,4-sobno,4,115.0,2009,438000,3809,https://mojikvadrati.com/nepremicnina/529156-prodaja-stanovanje-4-sobno-ljubljana-okolica-domzale
529509,Spodnjeposavska,Krško,Krško,3-sobno,3,155.8,1970,240000,1540,https://mojikvadrati.com/nepremicnina/529509-prodaja-stanovanje-3-sobno-spodnjeposavska-krsko
529580,Podravska,Maribor,Koroška vrata,"1,5-sobno",1.5,42.3,1977,158000,3735,https://mojikvadrati.com/nepremicnina/529580-prodaja-stanovanje-1-5-sobno-podravska-maribor
529756,Goriška,Tolmin,Podbrdo,2-sobno,2,45.1,1905,55000,1220,https://mojikvadrati.com/nepremicnina/529756-prodaja-stanovanje-2-sobno-goriska-tolmin
529936,Ljubljana,Ljubljana,Šiška,1-sobno,1,51.1,1896,248000,4853,https://mojikvadrati.com/nepremicnina/529936-prodaja-stanovanje-1-sobno-ljubljana-siska
530376,Obalno - kraška,Piran,Portorož,2-sobno,2,60.0,2001,348000,5800,https://mojikvadrati.com/nepremicnina/530376-prodaja-stanovanje-2-sobno-obalno-kraska-piran
530381,Obalno - kraška,Piran,,1-sobno,1,51.0,1900,330000,6471,https://mojikvadrati.com/nepremicnina/530381-prodaja-stanovanje-1-sobno-obalno-kraska-piran
530528,Ljubljana,Ljubljana,Vič-Rudnik,3-sobno,3,86.0,1971,319000,3709,https://mojikvadrati.com/nepremicnina/530528-prodaja-stanovanje-3-sobno-ljubljana-vic-rudnik
530537,Ljubljana okolica,Vrhnika,Vrhnika,"1,5-sobno",1.5,47.7,1860,179000,3753,https://mojikvadrati.com/nepremicnina/530537-prodaja-stanovanje-1-5-sobno-ljubljana-okolica-vrhnika
530800,Ljubljana,Ljubljana,Bežigrad,3-sobno,3,87.3,1984,460000,5269,https://mojikvadrati.com/nepremicnina/530800-prodaja-stanovanje-3-sobno-ljubljana-bezigrad
530851,Ljubljana,Ljubljana,Center,"2,5-sobno",2.5,100.0,1753,375000,3750,https://mojikvadrati.com/nepremicnina/530851-prodaja-stanovanje-2-5-sobno-ljubljana-center
530877,Jugovzhodna Slovenija,Trebnje,Trebnje,3-sobno,3,66.55,2026,253800,3814,https://mojikvadrati.com/nepremicnina/530877-prodaja-stanovanje-3-sobno-jugovzhodna-slovenija-trebnje
531067,Ljubljana okolica,Grosuplje,Tlake,3-sobno,3,62.1,2006,314000,5056,https://mojikvadrati.com/nepremicnina/531067-prodaja-stanovanje-3-sobno-ljubljana-okolica-grosuplje
531070,Ljubljana,Ljubljana,Šiška,3-sobno,3,115.1,1970,279000,2424,https://mojikvadrati.com/nepremicnina/531070-prodaja-stanovanje-3-sobno-ljubljana-siska
531682,Gorenjska,Tržič,Tržič,2-sobno,2,49.5,1899,155000,3131,https://mojikvadrati.com/nepremicnina/531682-prodaja-stanovanje-2-sobno-gorenjska-trzic
531746,Ljubljana okolica,Kamnik,Kamnik,"1,5-sobno",1.5,40.4,1998,210000,5198,https://mojikvadrati.com/nepremicnina/531746-prodaja-stanovanje-1-5-sobno-ljubljana-okolica-kamnik
535183,Ljubljana,Ljubljana,Vič-Rudnik,3-sobno,3,119.4,2024,486585,4075,https://mojikvadrati.com/nepremicnina/535183-prodaja-stanovanje-3-sobno-ljubljana-vic-rudnik
535266,Ljubljana,Ljubljana,Šiška,3-sobno,3,114.8,1975,530000,4617,https://mojikvadrati.com/nepremicnina/535266-prodaja-stanovanje-3-sobno-ljubljana-siska
535771,Ljubljana,Ljubljana,Vič-Rudnik,4-sobno,4,198.0,1989,456000,2303,https://mojikvadrati.com/nepremicnina/535771-prodaja-stanovanje-4-sobno-ljubljana-vic-rudnik
536421,Podravska,Pesnica,Ranca,3-sobno,3,166.9,1990,110000,659,https://mojikvadrati.com/nepremicnina/536421-prodaja-stanovanje-3-sobno-podravska-pesnica
536782,Ljubljana okolica,Mengeš,Mengeš,4-sobno,4,98.1,2010,550000,5607,https://mojikvadrati.com/nepremicnina/536782-prodaja-stanovanje-4-sobno-ljubljana-okolica-menges
536996,Ljubljana okolica,Logatec,Logatec,3-sobno,3,89.6,1930,225000,2511,https://mojikvadrati.com/nepremicnina/536996-prodaja-stanovanje-3-sobno-ljubljana-okolica-logatec
537066,Ljubljana,Ljubljana,Center,3-sobno,3,120.4,1930,649000,5390,https://mojikvadrati.com/nepremicnina/537066-prodaja-stanovanje-3-sobno-ljubljana-center
537182,Ljubljana,Ljubljana,Moste-Polje,4-sobno,4,90.7,1986,430000,4741,https://mojikvadrati.com/nepremicnina/537182-prodaja-stanovanje-4-sobno-ljubljana-moste-polje
537203,Ljubljana,Ljubljana,Center,"2,5-sobno",2.5,80.9,1905,395000,4883,https://mojikvadrati.com/nepremicnina/537203-prodaja-stanovanje-2-5-sobno-ljubljana-center
537448,Obalno - kraška,Piran,Lucija,3-sobno,3,82.0,1966,375000,4573,https://mojikvadrati.com/nepremicnina/537448-prodaja-stanovanje-3-sobno-obalno-kraska-piran
537454,Jugovzhodna Slovenija,Ribnica,Ribnica,2-sobno,2,66.0,2026,244896,3711,https://mojikvadrati.com/nepremicnina/537454-prodaja-stanovanje-2-sobno-jugovzhodna-slovenija-ribnica
537461,Jugovzhodna Slovenija,Ribnica,Ribnica,3-sobno,3,73.7,2026,280228,3802,https://mojikvadrati.com/nepremicnina/537461-prodaja-stanovanje-3-sobno-jugovzhodna-slovenija-ribnica
537467,Jugovzhodna Slovenija,Ribnica,Ribnica,Garsonjera,0.5,60.4,,239469,3965,https://mojikvadrati.com/nepremicnina/537467-prodaja-stanovanje-garsonjera-jugovzhodna-slovenija-ribnica
537469,Jugovzhodna Slovenija,Ribnica,Ribnica,Garsonjera,0.5,53.3,,207219,3888,https://mojikvadrati.com/nepremicnina/537469-prodaja-stanovanje-garsonjera-jugovzhodna-slovenija-ribnica
537472,Jugovzhodna Slovenija,Ribnica,Ribnica,2-sobno,2,76.0,2026,279389,3676,https://mojikvadrati.com/nepremicnina/537472-prodaja-stanovanje-2-sobno-jugovzhodna-slovenija-ribnica
537475,Jugovzhodna Slovenija,Ribnica,Ribnica,2-sobno,2,66.8,2026,265684,3977,https://mojikvadrati.com/nepremicnina/537475-prodaja-stanovanje-2-sobno-jugovzhodna-slovenija-ribnica
537556,Jugovzhodna Slovenija,Trebnje,Trebnje,3-sobno,3,64.6,2026,316450,4899,https://mojikvadrati.com/nepremicnina/537556-prodaja-stanovanje-3-sobno-jugovzhodna-slovenija-trebnje
537605,Ljubljana,Ljubljana,Moste-Polje,Garsonjera,0.5,24.6,,250000,10163,https://mojikvadrati.com/nepremicnina/537605-prodaja-stanovanje-garsonjera-ljubljana-moste-polje
537607,Obalno - kraška,Piran,Dragonja,2-sobno,2,50.0,1990,215000,4300,https://mojikvadrati.com/nepremicnina/537607-prodaja-stanovanje-2-sobno-obalno-kraska-piran
537688,Ljubljana okolica,Komenda,Komenda,"3,5-sobno",3.5,97.0,2020,239000,2464,https://mojikvadrati.com/nepremicnina/537688-prodaja-stanovanje-3-5-sobno-ljubljana-okolica-komenda
537695,Jugovzhodna Slovenija,Ribnica,Ribnica,Garsonjera,0.5,60.4,,239469,3965,https://mojikvadrati.com/nepremicnina/537695-prodaja-stanovanje-garsonjera-jugovzhodna-slovenija-ribnica
537698,Jugovzhodna Slovenija,Ribnica,Ribnica,2-sobno,2,66.8,2026,265684,3977,https://mojikvadrati.com/nepremicnina/537698-prodaja-stanovanje-2-sobno-jugovzhodna-slovenija-ribnica
537751,Ljubljana,Ljubljana,Šiška,2-sobno,2,41.7,1958,165000,3957,https://mojikvadrati.com/nepremicnina/537751-prodaja-stanovanje-2-sobno-ljubljana-siska
538047,Ljubljana,Ljubljana,Šiška,2-sobno,2,54.5,1972,320000,5872,https://mojikvadrati.com/nepremicnina/538047-prodaja-stanovanje-2-sobno-ljubljana-siska
538558,Ljubljana,Ljubljana,Vič-Rudnik,4-sobno,4,109.0,1996,685000,6284,https://mojikvadrati.com/nepremicnina/538558-prodaja-stanovanje-4-sobno-ljubljana-vic-rudnik
538704,Ljubljana,Ljubljana,Vič-Rudnik,"3,5-sobno",3.5,74.49,,499000,6699,https://mojikvadrati.com/nepremicnina/538704-prodaja-stanovanje-3-5-sobno-ljubljana-vic-rudnik
538870,Ljubljana,Ljubljana,Šiška,3-sobno,3,76.3,1964,360000,4718,https://mojikvadrati.com/nepremicnina/538870-prodaja-stanovanje-3-sobno-ljubljana-siska
538930,Ljubljana,Ljubljana,Šiška,"3,5-sobno",3.5,76.3,1964,360000,4718,https://mojikvadrati.com/nepremicnina/538930-prodaja-stanovanje-3-5-sobno-ljubljana-siska
538931,Ljubljana,Ljubljana,Šiška,4-sobno,4,76.3,1964,360000,4718,https://mojikvadrati.com/nepremicnina/538931-prodaja-stanovanje-4-sobno-ljubljana-siska
538938,Ljubljana,Ljubljana,Center,3-sobno,3,74.49,1981,499000,6699,https://mojikvadrati.com/nepremicnina/538938-prodaja-stanovanje-3-sobno-ljubljana-center
538945,Ljubljana,Ljubljana,Bežigrad,3-sobno,3,67.8,1920,465000,6858,https://mojikvadrati.com/nepremicnina/538945-prodaja-stanovanje-3-sobno-ljubljana-bezigrad
539037,Ljubljana,Ljubljana,Center,3-sobno,3,99.8,1850,625000,6263,https://mojikvadrati.com/nepremicnina/539037-prodaja-stanovanje-3-sobno-ljubljana-center
539043,Ljubljana,Ljubljana,Šiška,3-sobno,3,58.97,1962,380000,6444,https://mojikvadrati.com/nepremicnina/539043-prodaja-stanovanje-3-sobno-ljubljana-siska
539157,Ljubljana,Ljubljana,Moste-Polje,4-sobno,4,94.8,1986,430000,4536,https://mojikvadrati.com/nepremicnina/539157-prodaja-stanovanje-4-sobno-ljubljana-moste-polje
539180,Ljubljana,Ljubljana,Moste-Polje,"4,5-sobno",4.5,94.8,1986,430000,4536,https://mojikvadrati.com/nepremicnina/539180-prodaja-stanovanje-4-5-sobno-ljubljana-moste-polje
539202,Ljubljana okolica,Medvode,Medvode,"3,5-sobno",3.5,100.5,,297000,2955,https://mojikvadrati.com/nepremicnina/539202-prodaja-stanovanje-3-5-sobno-ljubljana-okolica-medvode
539205,Ljubljana okolica,Kamnik,Kamnik,4-sobno,4,126.8,1840,399999,3155,https://mojikvadrati.com/nepremicnina/539205-prodaja-stanovanje-4-sobno-ljubljana-okolica-kamnik
539206,Ljubljana okolica,Kamnik,Kamnik,4-sobno,4,158.9,1500,395000,2486,https://mojikvadrati.com/nepremicnina/539206-prodaja-stanovanje-4-sobno-ljubljana-okolica-kamnik
539208,Ljubljana okolica,Komenda,,3-sobno,3,96.4,1958,319000,3309,https://mojikvadrati.com/nepremicnina/539208-prodaja-stanovanje-3-sobno-ljubljana-okolica-komenda
539209,Ljubljana,Ljubljana,Moste-Polje,4-sobno,4,98.0,1986,440000,4490,https://mojikvadrati.com/nepremicnina/539209-prodaja-stanovanje-4-sobno-ljubljana-moste-polje
539211,Ljubljana okolica,Kamnik,Kamnik,2-sobno,2,66.3,1500,195000,2941,https://mojikvadrati.com/nepremicnina/539211-prodaja-stanovanje-2-sobno-ljubljana-okolica-kamnik
539255,Ljubljana,Ljubljana,Bežigrad,2-sobno,2,64.4,1971,355000,5512,https://mojikvadrati.com/nepremicnina/539255-prodaja-stanovanje-2-sobno-ljubljana-bezigrad
539421,Ljubljana,Ljubljana,Center,3-sobno,3,120.4,1930,649000,5390,https://mojikvadrati.com/nepremicnina/539421-prodaja-stanovanje-3-sobno-ljubljana-center
539627,Ljubljana,Ljubljana,Vič-Rudnik,"3,5-sobno",3.5,74.49,,499000,6699,https://mojikvadrati.com/nepremicnina/539627-prodaja-stanovanje-3-5-sobno-ljubljana-vic-rudnik
539674,Ljubljana,Ljubljana,Bežigrad,3-sobno,3,76.8,1974,339000,4414,https://mojikvadrati.com/nepremicnina/539674-prodaja-stanovanje-3-sobno-ljubljana-bezigrad
539676,Ljubljana,Ljubljana,Vič-Rudnik,"2,5-sobno",2.5,74.49,,499000,6699,https://mojikvadrati.com/nepremicnina/539676-prodaja-stanovanje-2-5-sobno-ljubljana-vic-rudnik
539684,Ljubljana,Ljubljana,Moste-Polje,"3,5-sobno",3.5,83.4,1972,390000,4676,https://mojikvadrati.com/nepremicnina/539684-prodaja-stanovanje-3-5-sobno-ljubljana-moste-polje
539688,Ljubljana,Ljubljana,Šiška,1-sobno,1,33.3,1964,229000,6877,https://mojikvadrati.com/nepremicnina/539688-prodaja-stanovanje-1-sobno-ljubljana-siska
539736,Ljubljana,Ljubljana,Šiška,"1,5-sobno",1.5,37.1,1969,231000,6226,https://mojikvadrati.com/nepremicnina/539736-prodaja-stanovanje-1-5-sobno-ljubljana-siska
539765,Ljubljana okolica,Kamnik,Kamnik,3-sobno,3,94.5,1700,399000,4222,https://mojikvadrati.com/nepremicnina/539765-prodaja-stanovanje-3-sobno-ljubljana-okolica-kamnik
539787,Ljubljana,Ljubljana,Moste-Polje,Garsonjera,0.5,22.0,1977,160000,7273,https://mojikvadrati.com/nepremicnina/539787-prodaja-stanovanje-garsonjera-ljubljana-moste-polje
539789,Ljubljana,Ljubljana,Moste-Polje,3-sobno,3,61.2,1939,245000,4003,https://mojikvadrati.com/nepremicnina/539789-prodaja-stanovanje-3-sobno-ljubljana-moste-polje
539819,Ljubljana okolica,Logatec,Logatec,3-sobno,3,103.4,1870,283000,2737,https://mojikvadrati.com/nepremicnina/539819-prodaja-stanovanje-3-sobno-ljubljana-okolica-logatec
539829,Ljubljana,Ljubljana,Moste-Polje,4-sobno,4,148.0,2023,595000,4020,https://mojikvadrati.com/nepremicnina/539829-prodaja-stanovanje-4-sobno-ljubljana-moste-polje
539859,Obalno - kraška,Ankaran,Ankaran,"2,5-sobno",2.5,65.0,1976,345000,5308,https://mojikvadrati.com/nepremicnina/539859-prodaja-stanovanje-2-5-sobno-obalno-kraska-ankaran
540090,Zasavska,Trbovlje,Trbovlje,1-sobno,1,32.9,1910,89000,2705,https://mojikvadrati.com/nepremicnina/540090-prodaja-stanovanje-1-sobno-zasavska-trbovlje
540115,Ljubljana,Ljubljana,Vič-Rudnik,2-sobno,2,64.3,1968,279000,4339,https://mojikvadrati.com/nepremicnina/540115-prodaja-stanovanje-2-sobno-ljubljana-vic-rudnik
540148,Ljubljana,Ljubljana,Šiška,2-sobno,2,51.6,1956,303000,5872,https://mojikvadrati.com/nepremicnina/540148-prodaja-stanovanje-2-sobno-ljubljana-siska
540150,Ljubljana okolica,Domžale,Domžale,4-sobno,4,104.5,1972,285000,2727,https://mojikvadrati.com/nepremicnina/540150-prodaja-stanovanje-4-sobno-ljubljana-okolica-domzale
540182,Obalno - kraška,Izola,Izola,4-sobno,4,75.4,1982,340000,4509,https://mojikvadrati.com/nepremicnina/540182-prodaja-stanovanje-4-sobno-obalno-kraska-izola
540227,Goriška,Nova Gorica,Nova Gorica,3-sobno,3,76.0,1978,230000,3026,https://mojikvadrati.com/nepremicnina/540227-prodaja-stanovanje-3-sobno-goriska-nova-gorica
540245,Koroška,Mežica,Mežica,"2,5-sobno",2.5,61.6,1961,124900,2028,https://mojikvadrati.com/nepremicnina/540245-prodaja-stanovanje-2-5-sobno-koroska-mezica
540305,Ljubljana,Ljubljana,Vič-Rudnik,"3,5-sobno",3.5,74.49,,499000,6699,https://mojikvadrati.com/nepremicnina/540305-prodaja-stanovanje-3-5-sobno-ljubljana-vic-rudnik
540318,Obalno - kraška,Piran,,3-sobno,3,60.0,1800,195000,3250,https://mojikvadrati.com/nepremicnina/540318-prodaja-stanovanje-3-sobno-obalno-kraska-piran
540322,Obalno - kraška,Piran,Lucija,3-sobno,3,83.0,1979,340000,4096,https://mojikvadrati.com/nepremicnina/540322-prodaja-stanovanje-3-sobno-obalno-kraska-piran
540345,Ljubljana,Ljubljana,Moste-Polje,3-sobno,3,183.3,1971,549000,2995,https://mojikvadrati.com/nepremicnina/540345-prodaja-stanovanje-3-sobno-ljubljana-moste-polje
540348,Ljubljana,Ljubljana,Moste-Polje,"1,5-sobno",1.5,31.7,1938,175000,5521,https://mojikvadrati.com/nepremicnina/540348-prodaja-stanovanje-1-5-sobno-ljubljana-moste-polje
540506,Gorenjska,Jesenice,Jesenice,1-sobno,1,38.1,1933,135000,3543,https://mojikvadrati.com/nepremicnina/540506-prodaja-stanovanje-1-sobno-gorenjska-jesenice
540507,Gorenjska,Jesenice,Jesenice,2-sobno,2,60.1,1980,179000,2978,https://mojikvadrati.com/nepremicnina/540507-prodaja-stanovanje-2-sobno-gorenjska-jesenice
540511,Gorenjska,Jesenice,Koroška Bela,1-sobno,1,77.4,1927,102000,1318,https://mojikvadrati.com/nepremicnina/540511-prodaja-stanovanje-1-sobno-gorenjska-jesenice
540585,Ljubljana,Ljubljana,Šiška,2-sobno,2,44.5,1839,260000,5843,https://mojikvadrati.com/nepremicnina/540585-prodaja-stanovanje-2-sobno-ljubljana-siska
540587,Ljubljana,Ljubljana,Šiška,"4,5-sobno",4.5,111.0,1935,555000,5000,https://mojikvadrati.com/nepremicnina/540587-prodaja-stanovanje-4-5-sobno-ljubljana-siska
540589,Ljubljana,Ljubljana,Šiška,3-sobno,3,87.0,1840,368000,4230,https://mojikvadrati.com/nepremicnina/540589-prodaja-stanovanje-3-sobno-ljubljana-siska
540593,Obalno - kraška,Piran,Portorož,3-sobno,3,94.0,1920,538000,5723,https://mojikvadrati.com/nepremicnina/540593-prodaja-stanovanje-3-sobno-obalno-kraska-piran
540594,Obalno - kraška,Piran,,3-sobno,3,103.3,1900,780000,7551,https://mojikvadrati.com/nepremicnina/540594-prodaja-stanovanje-3-sobno-obalno-kraska-piran
540595,Obalno - kraška,Piran,,2-sobno,2,56.0,1900,315000,5625,https://mojikvadrati.com/nepremicnina/540595-prodaja-stanovanje-2-sobno-obalno-kraska-piran
540596,Ljubljana,Ljubljana,Moste-Polje,4-sobno,4,231.0,2004,1050000,4545,https://mojikvadrati.com/nepremicnina/540596-prodaja-stanovanje-4-sobno-ljubljana-moste-polje
540608,Gorenjska,Kranjska Gora,Mojstrana,3-sobno,3,113.0,1850,238000,2106,https://mojikvadrati.com/nepremicnina/540608-prodaja-stanovanje-3-sobno-gorenjska-kranjska-gora
540613,Obalno - kraška,Koper,Koper,3-sobno,3,128.0,2010,673000,5258,https://mojikvadrati.com/nepremicnina/540613-prodaja-stanovanje-3-sobno-obalno-kraska-koper
540618,Obalno - kraška,Izola,Izola,"4,5-sobno",4.5,302.0,2005,980000,3245,https://mojikvadrati.com/nepremicnina/540618-prodaja-stanovanje-4-5-sobno-obalno-kraska-izola
540627,Ljubljana,Ljubljana,Center,2-sobno,2,54.1,1933,448000,8281,https://mojikvadrati.com/nepremicnina/540627-prodaja-stanovanje-2-sobno-ljubljana-center
540628,Ljubljana,Ljubljana,Center,4-sobno,4,103.9,1896,650000,6256,https://mojikvadrati.com/nepremicnina/540628-prodaja-stanovanje-4-sobno-ljubljana-center
540630,Ljubljana,Ljubljana,Center,3-sobno,3,85.0,1929,368000,4329,https://mojikvadrati.com/nepremicnina/540630-prodaja-stanovanje-3-sobno-ljubljana-center
540635,Ljubljana,Ljubljana,Šiška,3-sobno,3,74.6,1968,400000,5362,https://mojikvadrati.com/nepremicnina/540635-prodaja-stanovanje-3-sobno-ljubljana-siska
540663,Ljubljana,Ljubljana,Šiška,"3,5-sobno",3.5,74.6,1968,400000,5362,https://mojikvadrati.com/nepremicnina/540663-prodaja-stanovanje-3-5-sobno-ljubljana-siska
540704,Obalno - kraška,Koper,Koper,3-sobno,3,112.5,1850,590000,5244,https://mojikvadrati.com/nepremicnina/540704-prodaja-stanovanje-3-sobno-obalno-kraska-koper
540913,Obalno - kraška,Piran,Seča,3-sobno,3,279.17,1986,800000,2866,https://mojikvadrati.com/nepremicnina/540913-prodaja-stanovanje-3-sobno-obalno-kraska-piran
541064,Ljubljana,Ljubljana,Center,3-sobno,3,83.0,1983,590000,7108,https://mojikvadrati.com/nepremicnina/541064-prodaja-stanovanje-3-sobno-ljubljana-center
541090,Obalno - kraška,Koper,Koper,2-sobno,2,55.0,1972,278000,5055,https://mojikvadrati.com/nepremicnina/541090-prodaja-stanovanje-2-sobno-obalno-kraska-koper
541178,Goriška,Nova Gorica,Nova Gorica,2-sobno,2,64.0,1981,189000,2953,https://mojikvadrati.com/nepremicnina/541178-prodaja-stanovanje-2-sobno-goriska-nova-gorica
541281,Ljubljana,Ljubljana,Bežigrad,4-sobno,4,99.6,1978,447000,4488,https://mojikvadrati.com/nepremicnina/541281-prodaja-stanovanje-4-sobno-ljubljana-bezigrad
541439,Obalno - kraška,Izola,Izola,2-sobno,2,72.0,2008,650000,9028,https://mojikvadrati.com/nepremicnina/541439-prodaja-stanovanje-2-sobno-obalno-kraska-izola
541440,Ljubljana,Ljubljana,Moste-Polje,"2,5-sobno",2.5,58.6,1975,319000,5444,https://mojikvadrati.com/nepremicnina/541440-prodaja-stanovanje-2-5-sobno-ljubljana-moste-polje
541441,Ljubljana okolica,Medvode,Medvode,2-sobno,2,44.9,1976,265000,5902,https://mojikvadrati.com/nepremicnina/541441-prodaja-stanovanje-2-sobno-ljubljana-okolica-medvode
541552,Ljubljana,Ljubljana,Center,4-sobno,4,74.2,1962,420000,5660,https://mojikvadrati.com/nepremicnina/541552-prodaja-stanovanje-4-sobno-ljubljana-center
541809,Obalno - kraška,Koper,Koper,3-sobno,3,71.3,1979,325000,4558,https://mojikvadrati.com/nepremicnina/541809-prodaja-stanovanje-3-sobno-obalno-kraska-koper
541957,Ljubljana,Ljubljana,Bežigrad,2-sobno,2,45.0,1980,295000,6556,https://mojikvadrati.com/nepremicnina/541957-prodaja-stanovanje-2-sobno-ljubljana-bezigrad
542211,Obalno - kraška,Koper,Koper,2-sobno,2,117.0,2008,498000,4256,https://mojikvadrati.com/nepremicnina/542211-prodaja-stanovanje-2-sobno-obalno-kraska-koper
542279,Jugovzhodna Slovenija,Novo mesto,Novo mesto,2-sobno,2,49.6,1905,170000,3427,https://mojikvadrati.com/nepremicnina/542279-prodaja-stanovanje-2-sobno-jugovzhodna-slovenija-novo-mesto
542428,Ljubljana,Ljubljana,Vič-Rudnik,2-sobno,2,54.2,1978,300000,5535,https://mojikvadrati.com/nepremicnina/542428-prodaja-stanovanje-2-sobno-ljubljana-vic-rudnik
542580,Jugovzhodna Slovenija,Novo mesto,Novo mesto,4-sobno,4,130.5,1938,260000,1992,https://mojikvadrati.com/nepremicnina/542580-prodaja-stanovanje-4-sobno-jugovzhodna-slovenija-novo-mesto
542637,Ljubljana,Ljubljana,Moste-Polje,4-sobno,4,94.8,1986,430000,4536,https://mojikvadrati.com/nepremicnina/542637-prodaja-stanovanje-4-sobno-ljubljana-moste-polje
542641,Ljubljana,Ljubljana,Šiška,4-sobno,4,74.6,1968,400000,5362,https://mojikvadrati.com/nepremicnina/542641-prodaja-stanovanje-4-sobno-ljubljana-siska
543100,Ljubljana okolica,Logatec,Logatec,3-sobno,3,100.0,1992,285000,2850,https://mojikvadrati.com/nepremicnina/543100-prodaja-stanovanje-3-sobno-ljubljana-okolica-logatec
543105,Ljubljana okolica,Vrhnika,Vrhnika,3-sobno,3,81.2,1890,219000,2697,https://mojikvadrati.com/nepremicnina/543105-prodaja-stanovanje-3-sobno-ljubljana-okolica-vrhnika
543106,Ljubljana,Ljubljana,Moste-Polje,3-sobno,3,91.6,1936,285000,3111,https://mojikvadrati.com/nepremicnina/543106-prodaja-stanovanje-3-sobno-ljubljana-moste-polje
543117,Ljubljana okolica,Kamnik,Kamnik,1-sobno,1,48.2,2011,237000,4917,https://mojikvadrati.com/nepremicnina/543117-prodaja-stanovanje-1-sobno-ljubljana-okolica-kamnik
543118,Ljubljana okolica,Kamnik,Kamnik,1-sobno,1,38.5,1983,193000,5013,https://mojikvadrati.com/nepremicnina/543118-prodaja-stanovanje-1-sobno-ljubljana-okolica-kamnik
543121,Ljubljana,Ljubljana,Moste-Polje,4-sobno,4,94.3,1986,430000,4560,https://mojikvadrati.com/nepremicnina/543121-prodaja-stanovanje-4-sobno-ljubljana-moste-polje
543244,Ljubljana,Ljubljana,Bežigrad,3-sobno,3,83.0,2026,590000,7108,https://mojikvadrati.com/nepremicnina/543244-prodaja-stanovanje-3-sobno-ljubljana-bezigrad
543245,Ljubljana,Ljubljana,Bežigrad,4-sobno,4,134.3,2026,760300,5661,https://mojikvadrati.com/nepremicnina/543245-prodaja-stanovanje-4-sobno-ljubljana-bezigrad
543246,Ljubljana,Ljubljana,Bežigrad,4-sobno,4,161.66,2026,821200,5080,https://mojikvadrati.com/nepremicnina/543246-prodaja-stanovanje-4-sobno-ljubljana-bezigrad
543247,Ljubljana,Ljubljana,Bežigrad,4-sobno,4,210.0,2026,1388000,6610,https://mojikvadrati.com/nepremicnina/543247-prodaja-stanovanje-4-sobno-ljubljana-bezigrad
543296,Ljubljana,Ljubljana,Šiška,2-sobno,2,41.0,1960,348000,8488,https://mojikvadrati.com/nepremicnina/543296-prodaja-stanovanje-2-sobno-ljubljana-siska
543344,Ljubljana,Ljubljana,Bežigrad,2-sobno,2,51.4,1964,290000,5642,https://mojikvadrati.com/nepremicnina/543344-prodaja-stanovanje-2-sobno-ljubljana-bezigrad
543369,Gorenjska,Jesenice,Jesenice,2-sobno,2,54.7,1966,166000,3035,https://mojikvadrati.com/nepremicnina/543369-prodaja-stanovanje-2-sobno-gorenjska-jesenice
543387,Ljubljana,Ljubljana,Moste-Polje,Garsonjera,0.5,25.6,,186000,7266,https://mojikvadrati.com/nepremicnina/543387-prodaja-stanovanje-garsonjera-ljubljana-moste-polje
543396,Gorenjska,Kranj,Kranj,2-sobno,2,55.0,1949,239000,4345,https://mojikvadrati.com/nepremicnina/543396-prodaja-stanovanje-2-sobno-gorenjska-kranj
543397,Ljubljana,Ljubljana,Šiška,2-sobno,2,63.6,1986,329000,5173,https://mojikvadrati.com/nepremicnina/543397-prodaja-stanovanje-2-sobno-ljubljana-siska
543406,Gorenjska,Kranj,Kranj,"3,5-sobno",3.5,70.1,1964,226000,3224,https://mojikvadrati.com/nepremicnina/543406-prodaja-stanovanje-3-5-sobno-gorenjska-kranj
543410,Ljubljana,Ljubljana,Center,"4,5-sobno",4.5,121.6,,360000,2961,https://mojikvadrati.com/nepremicnina/543410-prodaja-stanovanje-4-5-sobno-ljubljana-center
543426,Ljubljana,Ljubljana,Center,Garsonjera,0.5,18.2,,165000,9066,https://mojikvadrati.com/nepremicnina/543426-prodaja-stanovanje-garsonjera-ljubljana-center
543495,Obalno - kraška,Izola,Izola,3-sobno,3,65.0,1969,374000,5754,https://mojikvadrati.com/nepremicnina/543495-prodaja-stanovanje-3-sobno-obalno-kraska-izola
543539,Ljubljana,Ljubljana,Šiška,4-sobno,4,309.72,2023,2971000,9593,https://mojikvadrati.com/nepremicnina/543539-prodaja-stanovanje-4-sobno-ljubljana-siska
543605,Gorenjska,Kranjska Gora,Kranjska Gora,Garsonjera,0.5,21.6,,169000,7824,https://mojikvadrati.com/nepremicnina/543605-prodaja-stanovanje-garsonjera-gorenjska-kranjska-gora
543729,Ljubljana,Ljubljana,Vič-Rudnik,3-sobno,3,61.9,1963,349000,5638,https://mojikvadrati.com/nepremicnina/543729-prodaja-stanovanje-3-sobno-ljubljana-vic-rudnik
543754,Ljubljana,Ljubljana,Center,1-sobno,1,35.3,1961,265000,7507,https://mojikvadrati.com/nepremicnina/543754-prodaja-stanovanje-1-sobno-ljubljana-center
543800,Podravska,Maribor,Tabor,2-sobno,2,74.1,1904,168000,2267,https://mojikvadrati.com/nepremicnina/543800-prodaja-stanovanje-2-sobno-podravska-maribor
543801,Obalno - kraška,Izola,Malija,"1,5-sobno",1.5,49.9,2005,285000,5711,https://mojikvadrati.com/nepremicnina/543801-prodaja-stanovanje-1-5-sobno-obalno-kraska-izola
543834,Zasavska,Trbovlje,Trbovlje,"2,5-sobno",2.5,61.6,1969,168000,2727,https://mojikvadrati.com/nepremicnina/543834-prodaja-stanovanje-2-5-sobno-zasavska-trbovlje
543844,Ljubljana,Ljubljana,Šiška,3-sobno,3,102.5,1902,375000,3659,https://mojikvadrati.com/nepremicnina/543844-prodaja-stanovanje-3-sobno-ljubljana-siska
543850,Obalno - kraška,Izola,Izola,"3,5-sobno",3.5,84.0,1997,397000,4726,https://mojikvadrati.com/nepremicnina/543850-prodaja-stanovanje-3-5-sobno-obalno-kraska-izola
543856,Gorenjska,Škofja Loka,Škofja Loka,"2,5-sobno",2.5,52.6,1976,265000,5038,https://mojikvadrati.com/nepremicnina/543856-prodaja-stanovanje-2-5-sobno-gorenjska-skofja-loka
543860,Savinjska,Celje,Celje,2-sobno,2,41.0,1974,150000,3659,https://mojikvadrati.com/nepremicnina/543860-prodaja-stanovanje-2-sobno-savinjska-celje
543909,Ljubljana,Ljubljana,Center,2-sobno,2,67.4,2008,470000,6973,https://mojikvadrati.com/nepremicnina/543909-prodaja-stanovanje-2-sobno-ljubljana-center
543956,Savinjska,Velenje,Velenje,1-sobno,1,43.0,1981,149000,3465,https://mojikvadrati.com/nepremicnina/543956-prodaja-stanovanje-1-sobno-savinjska-velenje
543976,Savinjska,Žalec,Žalec,4-sobno,4,278.0,1967,175000,629,https://mojikvadrati.com/nepremicnina/543976-prodaja-stanovanje-4-sobno-savinjska-zalec
544000,Jugovzhodna Slovenija,Novo mesto,Novo mesto,"3,5-sobno",3.5,78.7,1975,170000,2160,https://mojikvadrati.com/nepremicnina/544000-prodaja-stanovanje-3-5-sobno-jugovzhodna-slovenija-novo-mesto
544006,Jugovzhodna Slovenija,Novo mesto,Novo mesto,4-sobno,4,115.0,1980,220000,1913,https://mojikvadrati.com/nepremicnina/544006-prodaja-stanovanje-4-sobno-jugovzhodna-slovenija-novo-mesto
544035,Jugovzhodna Slovenija,Novo mesto,Novo mesto,3-sobno,3,91.2,1953,225000,2467,https://mojikvadrati.com/nepremicnina/544035-prodaja-stanovanje-3-sobno-jugovzhodna-slovenija-novo-mesto
544036,Jugovzhodna Slovenija,Novo mesto,Novo mesto,3-sobno,3,91.2,1953,225000,2467,https://mojikvadrati.com/nepremicnina/544036-prodaja-stanovanje-3-sobno-jugovzhodna-slovenija-novo-mesto
544043,Savinjska,Celje,Celje,1-sobno,1,41.0,1974,150000,3659,https://mojikvadrati.com/nepremicnina/544043-prodaja-stanovanje-1-sobno-savinjska-celje
544050,Gorenjska,Jesenice,Jesenice,2-sobno,2,60.5,1978,169000,2793,https://mojikvadrati.com/nepremicnina/544050-prodaja-stanovanje-2-sobno-gorenjska-jesenice
544054,Ljubljana,Ljubljana,Šiška,3-sobno,3,77.6,1972,479000,6173,https://mojikvadrati.com/nepremicnina/544054-prodaja-stanovanje-3-sobno-ljubljana-siska
544055,Jugovzhodna Slovenija,Črnomelj,Črnomelj,4-sobno,4,91.7,1980,230000,2508,https://mojikvadrati.com/nepremicnina/544055-prodaja-stanovanje-4-sobno-jugovzhodna-slovenija-crnomelj
544136,Ljubljana,Ljubljana,Bežigrad,2-sobno,2,60.8,1972,299000,4918,https://mojikvadrati.com/nepremicnina/544136-prodaja-stanovanje-2-sobno-ljubljana-bezigrad
544140,Ljubljana,Ljubljana,Vič-Rudnik,2-sobno,2,54.2,1978,300000,5535,https://mojikvadrati.com/nepremicnina/544140-prodaja-stanovanje-2-sobno-ljubljana-vic-rudnik
